USE cooking_contestdb;

LOCK TABLES `photo` WRITE;
INSERT INTO `photo` VALUES ('a.avi','Industry cut from learn.'),('ability.css','Official beautiful and.'),('able.mov','True series energy field international explain.'),('able.mp3','Key number stop course.'),('able.mp4','Else identify hold effort maybe.'),('able.odt','Phone market forget door kitchen activity.'),('accept.mov','Lawyer system term above.'),('accept.mp4','Forget plan beautiful pass usually.'),('accept.txt','Who boy build process bill.'),('act.jpeg','Lose analysis property industry certainly.'),('act.wav','Bed box hot.'),('actually.flac','Health anyone TV mean.'),('actually.tiff','Staff laugh manage either front education.'),('add.tiff','Start feeling experience leg.'),('add.xlsx','Item medical activity occur.'),('administration.css','Produce executive trial.'),('administration.json','Trouble send bad.'),('adult.odp','According prove become or especially.'),('affect.flac','Scene charge chair raise.'),('affect.jpg','Meeting move since hair soldier hit.'),('after.csv','Key ground still second answer.'),('after.png','Also serious lose size can employee.'),('after.xls','Fill education study card identify.'),('against.gif','Woman evening than.'),('against.mov','Down discuss card mouth power.'),('against.png','Bed media never board another.'),('agency.pdf','Our quite fear politics career popular.'),('agree.docx','Usually clear agency key some throw.'),('ahead.mov','Fund against turn certain price.'),('air.odt','Order arm rich property within.'),('all.gif','Line safe together maintain.'),('allow.css','According different hear parent body on.'),('allow.numbers','Memory machine seat cold.'),('allow.odp','Together director each certainly everything think.'),('almost.mp3','Use pull several tax real see.'),('almost.ppt','Several put forget purpose six buy.'),('along.csv','Direction foot tough able if collection.'),('along.mp3','Nearly letter set leg body.'),('already.avi','Bar sister wind skill.'),('already.tiff','Fine detail science.'),('also.csv','Sure believe sing become.'),('although.wav','Apply must affect animal.'),('always.xlsx','Serve conference become floor.'),('among.bmp','Defense hard research skin.'),('among.css','Huge condition read public state red.'),('among.html','Certainly from go hundred per music.'),('amount.key','Western woman newspaper stuff husband local.'),('amount.mp3','Fire some road.'),('another.odt','We plan cup idea need happen.'),('answer.bmp','Food girl federal.'),('answer.js','Become blood base.'),('answer.odp','Go main type use season however.'),('any.json','Mission mean leave.'),('anyone.jpeg','And office message six.'),('anyone.mp4','Keep lead Congress.'),('anyone.ods','Night born voice.'),('appear.avi','Lead couple management response standard.'),('appear.pptx','South out anything street.'),('approach.avi','Affect party positive what cost.'),('approach.mp4','Hear end over read last.'),('approach.txt','Floor car in sell letter hold.'),('approach.webm','Machine range present spring the.'),('argue.mov','Ever language woman how policy I.'),('argue.ppt','Discuss which prove while everything.'),('arm.html','Behavior major operation cold leader.'),('arm.js','Television maintain suddenly worker.'),('arm.png','Drop share to various benefit.'),('around.css','Which yourself activity success.'),('around.jpeg','Central figure skill between each.'),('arrive.flac','Program describe test some.'),('arrive.js','Care develop majority.'),('art.txt','Now medical face the.'),('article.ppt','Voice of value last son despite.'),('ask.flac','Range necessary child debate order little.'),('assume.csv','Republican hundred performance or or carry.'),('assume.gif','Week rich will remain.'),('at.js','Study at week soon suffer.'),('attention.gif','Stand evidence seat start.'),('author.json','Enjoy ten reality.'),('author.tiff','International perhaps professor.'),('available.webm','Stock character receive many experience.'),('avoid.odp','Paper rock police again.'),('baby.mov','Which from third as hot hour.'),('back.avi','Born do might nice successful.'),('back.jpg','Discuss discuss still.'),('bad.tiff','Hair himself get understand television.'),('bag.json','Maintain about myself.'),('ball.jpg','None which alone meeting feel until.'),('ball.odp','Stand discussion enjoy open realize weight.'),('bar.docx','Receive be house head.'),('bar.odt','May billion agent senior market.'),('bar.wav','Manager choice future world.'),('base.wav','Still throughout treat.'),('beautiful.html','Either boy television interview.'),('because.xlsx','Take power per.'),('become.json','Far minute vote throw minute other.'),('before.numbers','All first happen certainly side full.'),('begin.css','Social different him heart tough.'),('behavior.jpg','Page serve Congress read scene.'),('believe.numbers','Bad notice yard.'),('benefit.csv','Style turn a have federal.'),('benefit.wav','Base develop apply church.'),('best.jpg','Rest action medical enjoy usually field.'),('best.webm','General suggest show effect field.'),('better.wav','Call recently physical life.'),('beyond.png','Important short size number teach.'),('bill.jpg','Market quite fly just team.'),('bit.mp4','Likely business form TV.'),('black.webm','Per person American your.'),('blood.gif','House occur writer.'),('blood.html','Fear much couple.'),('blue.jpg','True least note region remember song.'),('blue.odt','Herself debate instead investment.'),('blue.png','Real authority well decide a.'),('board.odt','Notice tough clear.'),('board.tiff','Unit machine enter sell stop.'),('body.bmp','Need experience man phone.'),('book.avi','Material race run agency.'),('both.js','Gun no night.'),('box.txt','Argue business power.'),('boy.avi','Run Republican by truth left too.'),('boy.numbers','Song skill reduce.'),('bring.webm','Add six follow serve.'),('brother.jpg','Minute toward move public.'),('brother.mov','Find word from.'),('brother.odp','Reflect onto by by else.'),('budget.gif','Single all foot hospital we.'),('budget.html','Mean career physical experience approach how.'),('budget.json','Push population name relate low.'),('build.css','Cause thought minute heavy everything.'),('build.mov','Part yeah actually choice.'),('business.wav','Long unit stuff party successful.'),('call.jpg','Board now impact produce.'),('call.odt','Bring six rate wish civil.'),('capital.webm','Turn risk push.'),('card.xlsx','Them economy hotel here sit must.'),('care.bmp','Tend leader smile reflect if.'),('care.html','Million good way employee hot order.'),('care.mp3','Really civil president history.'),('care.png','Question she though tax city.'),('career.flac','Chance like state red.'),('career.jpeg','Guy federal four enjoy especially team.'),('career.pages','Hard establish care point.'),('catch.flac','Color manage best.'),('catch.jpg','Must country here within.'),('catch.mp4','Measure avoid sign middle.'),('cause.flac','Nation similar more nor somebody.'),('cell.jpg','Throw team move.'),('cell.png','Subject speech few.'),('cell.webm','Network business message question happen law.'),('center.csv','Cause issue black window sometimes.'),('central.mov','Unit as past per sit.'),('central.mp4','Offer too speech watch act.'),('central.png','Build treat then artist.'),('century.ppt','Mean man pull walk.'),('certain.avi','Particular identify product either personal put.'),('certain.mp3','Follow yourself treatment part.'),('certainly.css','Catch TV single perhaps miss manager.'),('chair.tiff','Certain seek again.'),('challenge.docx','Member material father continue.'),('challenge.flac','Movement ahead power.'),('challenge.gif','Quickly plant mother.'),('chance.bmp','South employee pull.'),('chance.jpeg','Share thank sense.'),('chance.odp','Religious training low rich traditional low go.'),('charge.key','Road prepare clear ability.'),('check.avi','Mouth recent small law.'),('check.key','Fly media sport.'),('child.flac','Only challenge board.'),('child.ppt','Soldier institution doctor western participant.'),('choice.jpeg','Appear condition stay politics president.'),('citizen.doc','Man meeting traditional production.'),('citizen.js','Fall also never also position.'),('civil.jpeg','Role interest try writer large.'),('claim.csv','Attention difficult newspaper discover kid page.'),('class.jpeg','Government learn country him whom.'),('clear.webm','Crime listen use suddenly support somebody.'),('close.webm','Short seem impact threat.'),('cold.csv','Instead cut summer role.'),('collection.pptx','Blood shake care employee market.'),('community.pptx','Pretty through information.'),('compare.avi','These girl each case method sea.'),('compare.mp3','Worry well chair toward partner.'),('conference.css','Always table tax.'),('Congress.ppt','Single figure suffer ago.'),('Congress.webm','Lawyer black since off.'),('consumer.wav','Pressure form Mr in great serve.'),('continue.flac','Side second scene usually discover.'),('control.wav','Provide support prevent.'),('cost.pages','That between which glass follow on.'),('course.jpeg','Believe same peace stand method value.'),('course.mp3','Close wear we kid reach article.'),('court.mov','Learn character across major perhaps edge.'),('court.pdf','Beautiful interesting candidate ever.'),('create.css','Board you market dog.'),('create.mp3','Either answer participant cultural send.'),('create.odp','Reason capital glass car scene.'),('create.pptx','Control daughter your case provide.'),('create.wav','Interest success life rule later.'),('cultural.jpg','Hit respond pressure old significant sort.'),('culture.avi','Beautiful later develop different night.'),('culture.mp3','Catch painting I likely.'),('culture.xlsx','Choose by bit company.'),('customer.json','Be without decide voice.'),('cut.csv','Put show available head.'),('cut.gif','Organization him garden home in.'),('dark.flac','Others physical accept art speech.'),('dark.mp3','Fact everything eye reach.'),('daughter.mp4','When someone young before.'),('deal.avi','Meet long ask.'),('debate.gif','Along major national threat.'),('debate.ppt','Yard store boy reflect edge.'),('debate.xlsx','Each current check attention.'),('decade.mp3','People plant hundred.'),('decide.pptx','Threat because any Mrs future car.'),('decision.flac','Again executive able training.'),('decision.jpeg','Pattern future simple technology sort.'),('defense.css','Often similar trial the.'),('democratic.avi','Forget law board.'),('democratic.wav','Perform pay bit inside Democrat maybe.'),('describe.mp3','Board business debate go.'),('despite.html','Contain want use animal.'),('despite.pages','Table chance camera.'),('determine.js','Deal however our network.'),('develop.js','Television central hair beat while movement.'),('development.css','Charge situation get nice north mind.'),('different.css','Would magazine right anyone three.'),('different.ods','Speech paper guy.'),('different.png','News create drive share.'),('dinner.html','While source step discuss dream.'),('doctor.json','Military scientist heart world.'),('doctor.mp3','To list night business there gun.'),('doctor.pages','Mouth be doctor quite.'),('door.css','Knowledge manager involve view again recent.'),('door.png','Eight film perform.'),('door.ppt','Explain station form assume easy.'),('down.css','Care speak vote without.'),('down.flac','Son state none total third pull.'),('down.gif','However impact green environmental trip camera.'),('down.json','Its mother reduce watch success position.'),('draw.bmp','Travel light card responsibility worry.'),('draw.flac','Herself audience eat measure.'),('draw.key','Wrong put together.'),('draw.xlsx','Answer few current different statement.'),('dream.avi','Down unit into beyond top.'),('dream.numbers','Money general time.'),('drop.jpeg','Movement might up country affect.'),('drug.csv','Mind stage where.'),('during.webm','Place rock professor wait.'),('east.js','Senior them case seek especially.'),('easy.flac','Test control technology music benefit.'),('easy.tiff','Poor suggest stop such live.'),('easy.txt','Eye however general.'),('eat.wav','Series five big writer police.'),('eat.webm','Health shoulder determine.'),('economic.json','Medical attack beyond adult common about.'),('economy.csv','Challenge unit article.'),('economy.js','Return true design perhaps marriage rule.'),('economy.pdf','Space bad accept small coach meet.'),('edge.avi','Improve indicate price policy.'),('education.mp3','Commercial full fear color.'),('education.webm','While a public work during reduce.'),('education.xlsx','Less dinner inside list.'),('effort.js','Usually debate able analysis score.'),('eight.gif','Hair get by.'),('else.bmp','Something goal visit save message.'),('employee.bmp','Painting together remember throughout.'),('employee.docx','Address thousand of apply.'),('employee.jpeg','Over establish professional four campaign surface.'),('end.gif','Teacher development Congress third.'),('end.json','Organization rather free miss seven.'),('enter.mov','Range memory spend enough.'),('enter.numbers','Significant choice check box.'),('entire.wav','Within or we.'),('environment.xlsx','Whom customer dinner weight customer.'),('especially.ppt','College trade note.'),('establish.jpeg','Sister after decade adult fish.'),('establish.json','Detail drop system result arrive.'),('evening.key','Themselves structure international.'),('evening.mov','Us cultural purpose spring task.'),('evening.txt','Cold model deep we site.'),('event.txt','Whose eight until.'),('every.mp3','His number whom reality.'),('everybody.html','Pm compare grow better.'),('everyone.csv','Short decision baby put stage rich.'),('everyone.ppt','Part language group behind detail order.'),('exactly.mp3','Too onto return possible record without.'),('executive.ppt','Pressure camera hope difficult despite able.'),('exist.flac','Figure woman process science forget.'),('exist.jpeg','Provide general show seem be.'),('expect.ppt','Make ever seat same shake.'),('explain.avi','Create painting week even name green.'),('explain.gif','Fall best conference board recently leader.'),('face.mp3','Bag safe especially common.'),('fact.webm','Step address agency add less.'),('fall.key','Painting without pretty vote point.'),('family.csv','Range beat best character drive expect.'),('far.webm','Bill large cut from.'),('father.avi','Draw southern relate yard.'),('fear.webm','Development head save nature which.'),('field.pdf','Policy painting us.'),('fight.mp3','Carry at someone analysis.'),('fill.html','Other car thing member.'),('fill.mp3','Management both fast.'),('film.key','Effort data social majority.'),('film.wav','Nice level receive democratic hospital democratic.'),('final.gif','Job mouth enjoy.'),('finally.jpg','Have born law.'),('find.pptx','Order fall people those close.'),('fine.mov','Congress his buy.'),('fire.js','Summer recognize expert.'),('firm.csv','Education me bill event.'),('firm.key','Eat back election own.'),('firm.wav','Billion stay section plant north civil.'),('first.mov','Hospital your reason radio above western.'),('first.wav','Spring actually evening.'),('fish.gif','Finish indicate conference turn design plan.'),('fish.jpeg','Half entire everything strategy.'),('five.json','Avoid authority fast him PM.'),('follow.avi','Official number above agree main strategy.'),('food.css','Could service game partner card unit.'),('food.ppt','Particular no view nothing south.'),('for.key','Simple second right.'),('force.key','The story work idea wife.'),('foreign.docx','Happy argue lose war everyone.'),('foreign.json','Stock learn can matter drive next.'),('foreign.wav','Me name if perform.'),('forget.mov','Sort position forget dark already.'),('forward.jpeg','Mr mother this wonder animal.'),('friend.bmp','Admit factor bad decide.'),('fund.avi','Information what past music explain.'),('fund.key','Take stage turn real oil or.'),('fund.mov','Quickly conference exist glass.'),('fund.ods','Always light much.'),('fund.png','Purpose or identify safe soon politics.'),('future.flac','Upon happen energy rock attention.'),('future.html','Wrong billion might carry good.'),('future.mov','Everybody sense let true institution grow.'),('game.pdf','Get floor act service senior animal.'),('garden.pages','Wrong note activity.'),('get.csv','Degree rate beautiful executive activity room.'),('girl.wav','Network base get wall table.'),('give.tiff','Top guy property speech.'),('give.xls','Sign policy front.'),('glass.xls','Very phone live company.'),('go.csv','Vote professor education themselves writer last.'),('goal.jpeg','Professional something arm.'),('good.doc','Card maintain herself adult sign.'),('good.jpg','Coach just address area happy little.'),('government.xlsx','Plan chair leader help.'),('great.mov','Money movie college reality reflect save.'),('green.bmp','Without boy often morning nature approach.'),('green.docx','Star away least.'),('green.mp3','Item whatever civil crime if movie.'),('green.webm','Fact subject feel no paper who.'),('group.csv','Fish give table add cell.'),('group.flac','North data bed.'),('growth.csv','Finally memory stock.'),('growth.key','Class project center meet true summer road.'),('growth.mp4','Page or left.'),('guess.html','Set major memory job picture quickly.'),('gun.csv','Area light food author PM identify.'),('guy.png','Crime cultural pull ever rate book.'),('hair.mp3','Seem ahead trial once huge.'),('half.wav','Page prepare product marriage none.'),('hand.mp3','Water despite picture.'),('hand.tiff','Really stay stop people still.'),('hand.xlsx','Body number apply.'),('happen.flac','Indeed wife pretty.'),('happy.avi','Item drop budget finish agent middle.'),('happy.docx','Reach us sort.'),('happy.odp','Option push really happy matter.'),('have.pages','Down trouble wonder century box.'),('he.avi','Rule religious exist skill push everyone.'),('he.webm','Chair smile out growth.'),('head.pages','Anyone behavior sell.'),('health.mov','Become gun decade.'),('heart.flac','Not which hot worry specific.'),('heart.mov','Second charge effect office court partner.'),('heart.webm','Bed talk indeed.'),('heavy.jpg','Never agree hold.'),('help.css','Tonight east far table skill pull.'),('help.mp3','Within imagine easy.'),('her.flac','Blue least skin method cold effect.'),('high.tiff','Manager always blood they board.'),('himself.jpg','Operation child example.'),('his.bmp','Prove teacher part.'),('his.mov','Door always value safe pressure.'),('his.ods','Probably administration real ago effort rest.'),('history.docx','Three once bit.'),('history.png','Herself condition friend peace message send.'),('hit.gif','Decision each different box.'),('hospital.odp','Candidate energy certain.'),('hot.webm','Central course thought.'),('hotel.mp4','For red director itself full.'),('hotel.webm','Sing somebody tonight.'),('hour.numbers','Value project century.'),('house.css','Nothing professor south upon level.'),('house.pptx','Pressure ball kid brother decision.'),('how.pptx','Specific or say about figure.'),('huge.mov','Though analysis with billion charge rise.'),('huge.mp4','Apply pick north.'),('huge.png','Guess daughter serious edge experience lose.'),('human.css','Thing program certainly personal.'),('human.flac','Hair when information decision seat important.'),('hundred.avi','Trouble here eight turn range.'),('husband.json','The rather free will account.'),('idea.ods','Listen machine beat structure street couple.'),('idea.tiff','Drive quite final beautiful clearly.'),('if.mp3','Wear power your.'),('image.csv','Maintain after how staff.'),('impact.avi','Suddenly you have fall talk remember.'),('impact.jpg','Then seem detail not born.'),('important.json','Job main whether pick.'),('important.mov','Ago discover second.'),('improve.avi','Report very leader.'),('in.mov','Food else form book cup scientist.'),('increase.bmp','Fine Democrat subject population.'),('increase.css','Important Democrat defense stand general.'),('increase.mov','System partner gun rich detail.'),('indeed.gif','Individual skin cover.'),('indicate.wav','Sport red likely they make.'),('individual.jpg','Thank tough key write never key value.'),('individual.mp3','Radio could great street.'),('individual.pptx','Later adult even.'),('individual.xls','Economy year tell she interest.'),('industry.html','Next read marriage gas blue.'),('inside.docx','Practice marriage president.'),('inside.odt','Country economic authority again.'),('institution.flac','Court so affect positive cut important.'),('interest.ods','Close wish teach business factor.'),('interest.wav','Loss area sea fast.'),('interesting.avi','Public always method now.'),('interesting.flac','Own the design.'),('interesting.wav','Article color enter.'),('interesting.webm','Fine general onto speech effect identify quality.'),('investment.css','Several everything hear one strategy.'),('investment.webm','Future series current late.'),('involve.mp3','Which student spend from common military.'),('issue.csv','Figure whose let dinner.'),('it.pptx','Agree financial law.'),('item.js','I certainly method painting environmental.'),('item.mp3','Lay scientist wall government military appear.'),('itself.ods','Perhaps family natural.'),('itself.ppt','Someone left through gas service wall.'),('join.key','Weight full hair defense economic others.'),('join.tiff','Responsibility leader already visit draw.'),('join.xls','Character could daughter wear painting her.'),('just.flac','And research exist.'),('just.key','Oil short several stand leader.'),('key.doc','Short force camera need fill.'),('kitchen.mp3','Station thought gun space open growth.'),('kitchen.ods','Understand bill civil son once none.'),('knowledge.pages','Brother protect bank green trial.'),('large.avi','Rest difficult stage seven.'),('last.txt','Deep available open item.'),('late.ppt','Article attention prepare language Mr.'),('lay.tiff','Foreign actually star generation claim explain.'),('lead.mp4','Board class star.'),('lead.txt','Environment coach blood.'),('least.odt','Them large reality southern with type.'),('least.txt','Century during resource.'),('leave.mov','White explain special open air play.'),('left.json','Recently rate guess certainly source.'),('let.webm','Fire data low remember second.'),('level.avi','Education man father star expert.'),('level.csv','Mr from early community education.'),('light.ppt','Ability day party owner.'),('light.xlsx','My long executive two able such.'),('like.mp3','Admit mouth oil process.'),('likely.csv','Special history maybe final.'),('likely.doc','Social price will professor fast talk baby.'),('line.avi','Save price boy foreign.'),('line.mp4','Happen recognize little road.'),('list.json','Cost else choice political wait land.'),('list.mp3','Significant better crime scientist traditional.'),('listen.mp3','Significant court serious today idea.'),('little.pptx','And hot article goal here.'),('live.doc','Keep sing your.'),('live.mp3','Anything agency report late start room.'),('live.ods','Reason develop with record yes.'),('local.flac','Institution throughout particular Congress.'),('local.mp3','Behind course but.'),('local.webm','My country all mean property.'),('long.flac','Form fish born guy understand.'),('long.html','General account court start low.'),('look.mp3','Activity room product name recent continue.'),('loss.mov','Response available culture nearly.'),('machine.jpg','Eight soldier address new ago crime.'),('machine.wav','Authority bed ability.'),('main.mp3','Seem news spend product these.'),('main.png','Young very material doctor future.'),('major.webm','Truth true stage arrive truth begin.'),('majority.flac','Receive clearly white stop develop.'),('majority.pdf','High finally mission win.'),('majority.webm','Amount wife very.'),('management.wav','Different simple military health.'),('manager.wav','Just responsibility subject write.'),('marriage.mp3','Oil high size fly identify.'),('matter.csv','Ten whether management night light.'),('matter.key','Beautiful never meeting from professor.'),('may.flac','Section generation share true.'),('may.gif','Movement central action war data growth own.'),('may.html','Despite large oil second sport.'),('me.mp4','Economic no spend song.'),('meet.avi','Father save strategy national.'),('member.tiff','Each relationship identify no.'),('member.webm','Require hundred however conference suggest record.'),('mention.avi','Have back address.'),('mention.odp','Them seem last partner system.'),('method.avi','Wide give just bill he offer.'),('method.css','Baby woman only artist travel shoulder.'),('method.flac','Light customer perform campaign.'),('method.mov','Party expect letter figure subject everybody.'),('method.mp3','Kitchen treatment indicate international.'),('method.png','Least do which.'),('method.xls','Drive woman several lawyer common.'),('middle.mp4','Environmental garden teach money third knowledge.'),('middle.odt','Save light laugh talk hope south.'),('military.key','Realize nation none.'),('million.webm','Turn somebody sea.'),('miss.docx','Peace office include change.'),('modern.csv','Health live question.'),('moment.tiff','Something believe hour head energy.'),('money.odt','Dinner party key new.'),('more.pdf','Value only little value material child.'),('morning.css','Agency dream crime.'),('most.avi','Manage add citizen like language.'),('mouth.mp3','Notice reveal center.'),('move.txt','Forget task even fish learn do.'),('movement.html','Begin if take.'),('movie.webm','Experience sure general enter they.'),('Mr.json','Box take town.'),('Mrs.avi','Bank nature production out ability.'),('music.flac','Really piece east.'),('music.webm','Pull born season four.'),('nation.avi','Same determine suggest.'),('nation.js','Deal air war or sell smile.'),('national.json','Never up tough generation tend.'),('national.png','Able enough admit finally consumer chance.'),('national.wav','Four rock blue deal every.'),('nature.css','Teach sure foot state executive.'),('nature.csv','Try probably against dream.'),('nature.mp3','Each like other woman each.'),('necessary.mp4','Increase culture her somebody finish.'),('network.css','Smile campaign my.'),('network.mov','She fine including subject nice strong.'),('never.gif','Relate pretty house imagine friend follow.'),('news.odp','Food goal crime political.'),('newspaper.txt','Speak worry task.'),('newspaper.wav','Half born military create.'),('next.css','Get although need.'),('nice.json','Thousand win feeling bar.'),('night.pptx','National mouth time this so.'),('no.flac','Officer increase identify during identify nor.'),('no.mp3','Mention child dark level.'),('no.wav','Seek great year yard loss.'),('nor.avi','Once fill effect miss road final.'),('note.mp3','Take country different fact next trip.'),('number.flac','Interesting consider assume cut lose.'),('off.flac','Human term near fact.'),('off.wav','Some quite wrong key exist.'),('offer.avi','End music indicate.'),('offer.txt','Religious be mouth true dog ahead.'),('offer.webm','These defense win you particularly.'),('often.mov','Least nice series deep firm see chance.'),('often.odt','Candidate put certainly fly must.'),('oil.odp','Main the score.'),('oil.webm','End true responsibility I.'),('on.pdf','Require heavy nearly quickly.'),('once.jpg','Value smile add at pressure.'),('one.mp3','Last their country.'),('only.mp3','Reality of wonder.'),('onto.txt','Hair live tree want black finally.'),('open.mov','Century design moment tree class civil.'),('operation.jpeg','Street guess sure game.'),('operation.tiff','Worker moment back with eye.'),('option.mp3','Strong happen boy sister.'),('order.ppt','Listen far market.'),('organization.docx','Hold cell focus network pressure as.'),('organization.ods','Answer drop senior hotel reveal.'),('organization.xls','Although hair laugh story them.'),('other.doc','Room food two economic measure boy.'),('our.key','Protect particularly style.'),('outside.xlsx','Investment make industry couple president article.'),('over.txt','Always history edge money any kid.'),('own.wav','Will even performance.'),('owner.flac','Debate great follow.'),('owner.pages','Power office local different open voice.'),('page.jpg','Fine one human least class.'),('page.tiff','Method garden learn stage.'),('painting.js','Expert every off begin these range.'),('painting.xls','Participant partner life letter.'),('paper.css','Check ever grow or vote.'),('paper.flac','Major particularly home.'),('paper.ods','Per today rest role.'),('parent.gif','Begin measure price everybody.'),('part.mov','Maintain perhaps also appear.'),('part.mp4','Five social poor factor deep.'),('participant.mov','Matter run energy course.'),('participant.mp3','Wind remember because office about.'),('particular.avi','Especially although thousand cultural.'),('particular.mp4','Career after woman data recently.'),('particularly.docx','Behavior and sing bank check.'),('particularly.pages','Clearly position yourself.'),('partner.mp3','Glass among however question.'),('party.gif','Perform beyond hundred company less hard.'),('pass.js','Us dinner music six write easy.'),('pass.pdf','Management evening article.'),('past.mp3','Tell moment environment a pull.'),('pattern.key','Mission night order ability.'),('pay.png','International right allow sea Congress response.'),('per.mp4','Consider community statement.'),('perform.css','Civil inside lay father learn.'),('perform.js','Loss opportunity generation see.'),('perform.mp3','Blood Congress store any set.'),('performance.ods','Center win value.'),('perhaps.mp3','Gun above learn one.'),('perhaps.odt','Technology practice coach.'),('personal.bmp','Whose off responsibility system.'),('physical.bmp','Per thing take quite college.'),('pick.html','Right mother catch every many.'),('pick.mov','Cost staff employee decade rich.'),('pick.mp4','When yet leg home point ahead.'),('picture.bmp','Chair coach week positive marriage paper.'),('picture.png','Station officer audience space side rich.'),('piece.avi','Collection whom staff face employee knowledge.'),('piece.mov','Well item address.'),('place.mov','Down could never interest particularly.'),('plan.xlsx','Safe above green future must.'),('play.html','Although customer national drug speech.'),('player.webm','Mrs boy act program whole.'),('PM.odp','Clear back success.'),('police.webm','Great who top employee where.'),('politics.odt','Care treatment ten.'),('poor.css','Along reduce arrive break grow suffer.'),('popular.css','Alone possible thing buy movie my.'),('population.gif','Loss seek travel.'),('position.ppt','Smile strong product rather.'),('possible.ppt','Remain together operation treat.'),('power.avi','Reality campaign commercial writer old usually.'),('power.html','Court fear tough person church figure ever.'),('practice.js','Early add food shake though well.'),('practice.png','Board adult form.'),('prepare.pages','College evening southern relate.'),('present.avi','Thousand parent continue American.'),('present.mov','Section what star ground little.'),('present.mp4','Stay have agree.'),('present.odt','Card at trip else.'),('present.tiff','Much method wish relate traditional buy.'),('president.avi','Get yourself enter.'),('president.mp3','Physical away admit make.'),('pressure.css','Upon rule away bank.'),('prevent.flac','Indicate rate tough.'),('produce.css','Soldier young rule she data minute.'),('produce.js','Off claim face someone down campaign.'),('produce.wav','Chance threat hospital fine bill.'),('product.css','Reality such speech fact watch.'),('product.json','Else of garden produce pay.'),('production.css','Necessary least same see event everything.'),('production.mov','Although spend oil.'),('professional.csv','Owner cup bar just.'),('professor.jpg','Reach both environmental skill.'),('program.gif','Inside professional beat statement.'),('project.mov','Cell base involve.'),('property.webm','Physical itself light open today particular.'),('protect.css','Stay would compare impact.'),('provide.pptx','Evening field garden suddenly fire her.'),('public.mp3','Movie conference close hundred.'),('public.txt','Interesting with often.'),('push.wav','East hear old write.'),('quality.pages','Do arrive mind.'),('quality.webm','Film address war politics language.'),('quality.xlsx','Role important artist executive use.'),('quickly.mov','This inside south very then.'),('quickly.tiff','Already leave western.'),('race.flac','Soldier appear since kitchen late truth.'),('raise.flac','Month born guess left fear.'),('raise.mp3','Why hair thought use.'),('range.jpg','Baby make section reduce among sign.'),('rate.css','Culture picture brother.'),('rate.docx','Finish let together security behavior.'),('rate.mov','Defense total firm down.'),('rate.pdf','American write offer operation.'),('rather.png','Safe staff lawyer same turn phone.'),('reach.csv','Up area wide age development.'),('reach.json','Manage prepare the.'),('reach.webm','Big thus sure term window civil.'),('read.json','Sound wife memory already.'),('real.png','Step yet charge answer.'),('really.mov','Maintain offer anyone table.'),('really.mp4','Decade treat thank.'),('reason.jpg','Similar admit fact speak design.'),('receive.webm','Rule wind face.'),('recognize.txt','Once fine shake single politics.'),('red.mp3','Region chance customer which yard.'),('reduce.mp3','War public reflect with easy authority.'),('reflect.csv','Everybody new occur sure a us.'),('reflect.jpeg','Effort early fight nothing.'),('reflect.xlsx','Themselves blood space across development.'),('region.mp3','Ever debate professional quickly.'),('region.webm','Number policy accept.'),('remain.css','Join scientist Mr report building.'),('remain.csv','Current food attack set.'),('remain.mov','Edge current best our here.'),('remember.gif','Turn decade him defense.'),('represent.mp3','Seat well new.'),('represent.png','Exactly boy main company.'),('require.avi','Film notice capital admit.'),('research.jpg','Her compare already him.'),('response.mp4','Claim section wide.'),('response.numbers','Late continue include fill.'),('response.tiff','Bank reality raise.'),('responsibility.mp3','Size director team enjoy.'),('rest.mp4','Thank two foot.'),('rest.xls','Customer help daughter specific as remember.'),('return.jpeg','Voice office drop.'),('return.json','Quality behavior part.'),('right.txt','Wind late test.'),('rise.tiff','Here hard oil.'),('risk.bmp','Exist yet own car them attack.'),('risk.js','Already good heavy until.'),('road.html','Everybody specific standard according.'),('road.jpeg','Good matter professional.'),('road.mov','Beautiful probably language audience.'),('rock.flac','Pull body thousand add artist resource.'),('rock.webm','Throughout a store need professor.'),('room.css','Animal computer price feeling sea.'),('rule.csv','Site project policy.'),('safe.js','Society glass wide role.'),('same.avi','Attention law them.'),('same.ods','Source sure fast phone.'),('science.odp','Old themselves TV avoid evening mind.'),('scientist.html','Leader role game upon democratic then activity.'),('scientist.json','Heart American worry statement.'),('seat.js','Property ahead trouble.'),('second.css','Speech cut owner reason professor.'),('second.png','Two situation country who we.'),('security.webm','Hope various black change street.'),('see.mp4','Key next rest side major law.'),('seem.bmp','Happen coach eat decade.'),('seem.jpeg','Happen political individual far.'),('send.mp3','Record physical create ten suddenly on.'),('send.odt','Board discussion real.'),('series.ods','Pattern other third culture wish.'),('service.wav','Such small trouble.'),('set.mp4','Standard before move later street beat.'),('set.tiff','Production expert break day.'),('several.js','Bill big look.'),('several.mp3','Him hair whatever else simple speech.'),('several.pdf','Plant value conference idea.'),('several.wav','Reduce open final himself fire move.'),('shake.jpg','House develop choice event side determine.'),('shake.wav','Within level health stop.'),('share.jpg','Eye free once.'),('share.xlsx','Nature bit however become.'),('she.mp3','Treatment shoulder bit.'),('she.odt','Loss help face indeed.'),('she.pptx','Space continue minute project.'),('she.wav','Past relationship cup report culture scene.'),('short.png','Pretty walk us nor.'),('should.txt','Economic suggest record first true.'),('show.csv','Reality force entire growth.'),('show.mov','Individual order serious.'),('sign.mp3','Successful oil never discussion trouble.'),('significant.png','Camera item road realize several or.'),('significant.xls','Five describe science.'),('similar.css','Able there move material alone tend.'),('similar.mp3','Message the without red himself.'),('similar.webm','Ever nature eat fall.'),('simply.png','Ever spring most.'),('since.mp3','Need big medical cell accept matter.'),('since.mp4','Would treatment six back kitchen.'),('sister.css','Most sing but tell.'),('sister.doc','Business situation control.'),('sit.html','Drop entire Mrs avoid security.'),('sit.key','Arm whose television.'),('sit.webm','Training major avoid again.'),('site.png','Conference daughter five its.'),('six.pptx','White now environmental music modern.'),('six.txt','Stock figure full popular.'),('skin.html','Our her likely end.'),('skin.mp4','Mouth size third country.'),('skin.tiff','Price again decide local.'),('so.jpg','Within baby only.'),('so.png','Protect point condition water thought about.'),('somebody.json','Begin future relationship staff.'),('someone.mov','Dark lay blood ok interest.'),('someone.mp3','Enter notice design.'),('sometimes.json','Ball station look nation.'),('sometimes.mp4','Page ever probably strategy crime.'),('sometimes.txt','Trip offer charge crime sport significant.'),('son.key','Art color believe.'),('soon.bmp','On speak think politics administration.'),('soon.mp4','Huge somebody address radio.'),('sort.mp4','Commercial prepare seek.'),('source.html','Early job loss around maintain.'),('source.jpeg','During seven woman current raise animal.'),('source.mov','Seven he different company speak over.'),('southern.mov','Can worry argue executive.'),('southern.ods','Always name watch bit simple western.'),('southern.webm','Recognize create start he education.'),('space.docx','Task choose voice eye employee argue.'),('speak.tiff','Concern able mouth.'),('special.mp3','Process themselves season.'),('specific.txt','Worry including partner contain sing.'),('sport.doc','Me bill social already research.'),('sport.html','Sign again rise particular scientist.'),('sport.mp4','Politics station task.'),('spring.flac','Up summer foreign him within level.'),('staff.mp4','Eye bed society rest continue relate.'),('stage.mp3','Upon town approach relationship.'),('stage.png','Country still conference.'),('stage.webm','You central people system.'),('stand.docx','Pass beyond deep contain around.'),('standard.odt','Important forget mouth traditional would various.'),('star.wav','Level word drug remember third yourself.'),('start.mov','It too plant.'),('state.avi','Culture blood will.'),('state.css','Evidence fill simple let.'),('state.json','Prevent bag reach.'),('state.wav','Side it any.'),('state.webm','Glass term feel.'),('station.wav','Should customer PM.'),('step.jpeg','Wrong federal we.'),('step.ods','Evidence allow decide.'),('still.webm','Condition movie at majority radio.'),('stock.mp3','Although especially learn himself attorney.'),('stock.webm','Part than identify section player feeling.'),('stop.flac','Travel special ball country.'),('store.bmp','Social your expert news pull thousand.'),('structure.mp4','Too heart for sea.'),('structure.wav','Wish and recent week huge region.'),('student.key','Stand focus want.'),('student.txt','Hot past explain few ever other.'),('study.gif','Deep without in.'),('stuff.avi','Become traditional them walk special them.'),('stuff.flac','Bill section election network.'),('style.odp','They someone through tonight.'),('subject.csv','Election Mrs speech may.'),('subject.flac','Cold choose population cell church data.'),('subject.js','Than kind crime.'),('subject.mp3','Majority common exactly hair claim.'),('subject.txt','Successful tough message.'),('success.mp3','Them popular understand prevent every.'),('successful.css','Policy third room.'),('such.flac','Trip human need represent decade put.'),('such.ods','Modern measure factor.'),('suddenly.webm','Republican the TV.'),('suffer.xls','Parent mission final.'),('summer.avi','Organization interesting message listen at.'),('tax.png','Light writer often business spring watch.'),('tax.txt','Apply relationship accept stay operation piece.'),('teach.bmp','Billion picture sound wide station.'),('teach.flac','Money maintain state.'),('teacher.mp3','Explain break must cold their medical.'),('team.flac','Magazine spend short.'),('technology.numbers','Candidate such own art check important.'),('technology.pptx','Because charge news.'),('television.mp4','Dog somebody provide reason doctor laugh.'),('term.mp3','Hair each particular memory.'),('test.jpg','Southern should song year arrive.'),('than.mov','Kid trip popular statement.'),('than.mp4','Card similar all use positive.'),('that.flac','Leave another believe smile total.'),('that.numbers','Pretty rest quickly watch college.'),('that.txt','Bad there big very positive.'),('the.webm','Prove fight even require enjoy.'),('their.flac','Car worker water.'),('them.mp3','Hundred wide act for another.'),('them.wav','Answer drop nation.'),('them.webm','Carry candidate after behavior indicate area.'),('themselves.gif','Court matter trouble together somebody.'),('themselves.jpg','Its run capital mouth race sport.'),('themselves.mov','Agency series ahead.'),('theory.avi','Month mean out turn.'),('they.mp4','Morning thousand film lot whole.'),('think.mp4','Ball method water.'),('third.jpg','Card change science similar.'),('those.html','Occur scene well.'),('thousand.jpeg','Other find my view.'),('threat.flac','Serve every ability management.'),('threat.gif','Western able within.'),('three.flac','Recent short foot you.'),('through.js','Theory cold rather serve.'),('throughout.png','Democrat their others trip past.'),('thus.flac','Treatment opportunity apply call far unit.'),('thus.png','Effect this life of author true.'),('to.xls','Get summer rate stage.'),('today.json','Home almost paper memory.'),('together.pdf','Again spend pattern city six number.'),('too.bmp','Production before decision who interesting over.'),('too.csv','Mean born argue occur serious subject.'),('too.odp','Foot less suffer.'),('top.ppt','Scientist especially hour election over agree.'),('top.tiff','Ask mean speech career.'),('total.avi','Bill popular energy.'),('tough.gif','Senior certainly day central onto.'),('traditional.html','Kid language green throw present.'),('traditional.wav','Election common throughout you fill woman.'),('treat.webm','Success behavior he attention economic health.'),('treatment.wav','Indicate protect build interesting theory.'),('tree.csv','Hair visit serious.'),('trip.js','Human song management these decision sea.'),('trip.webm','Business far role front.'),('true.mp3','Determine rate weight.'),('turn.csv','Toward total radio.'),('TV.docx','Media describe ever.'),('TV.pptx','Very participant task.'),('two.xlsx','Position physical beyond name we.'),('under.mp3','Particular technology or community could.'),('understand.csv','Fly trouble fast.'),('understand.doc','About old final research seven agreement.'),('until.flac','Our material beyond firm.'),('upon.flac','Across interest PM task.'),('us.bmp','Its miss investment by discover threat.'),('us.ppt','Letter member today.'),('use.css','Tend ball figure half describe four.'),('usually.webm','Mrs soldier arm visit perhaps.'),('very.gif','Feeling born gas want court too.'),('very.mp4','Western voice recently even before.'),('very.pptx','Floor computer hit condition.'),('view.wav','Trade learn receive.'),('view.webm','Pretty answer there well.'),('view.xls','Statement huge effort source.'),('visit.css','Central why good involve.'),('voice.css','New seat less source north.'),('voice.docx','He participant gun head.'),('voice.html','Growth director sing attention despite risk.'),('vote.html','Relationship sport strategy.'),('walk.avi','Education seven those.'),('walk.mp4','House hair easy head development first.'),('walk.png','Career clear successful scene sound.'),('wall.html','Specific buy financial room.'),('watch.docx','Dream teach instead perform blood.'),('way.tiff','After sometimes operation left of them whether.'),('wear.avi','Land quickly pull.'),('wear.numbers','Bed theory always best.'),('week.wav','Born already provide.'),('week.webm','Stage between rather skin weight floor.'),('well.csv','Town offer language letter music research.'),('well.txt','Nation peace child room interesting.'),('western.bmp','Natural family better voice house.'),('western.mov','State next level piece body.'),('what.pages','Class per however.'),('when.webm','Positive girl where edge theory read.'),('which.tiff','Another cold home occur scientist nature.'),('while.gif','Model treatment clearly.'),('white.pdf','Edge remember theory lead music hospital.'),('who.ppt','Ball know contain daughter trial.'),('whole.html','Campaign growth attention hand hotel.'),('whom.doc','Religious ground entire agree.'),('whom.json','Very reach test reflect material.'),('whose.jpg','Itself while economy seven ago until.'),('wide.flac','Service may buy help field high.'),('wife.avi','Idea under forward rock.'),('wife.flac','Development office color subject for understand.'),('wife.wav','Special which pattern share town.'),('win.flac','Plant customer technology effect.'),('wind.json','Provide within goal data stage.'),('wish.webm','None imagine western person drug involve.'),('with.html','Small eye them former writer.'),('with.tiff','Next church my easy.'),('within.key','Together direction language product.'),('without.jpeg','Pattern purpose future guess then prevent.'),('without.webm','Wife memory wind anyone work.'),('woman.json','Firm race boy dark industry bit.'),('woman.webm','Actually thing fear board across between.'),('wonder.jpeg','Good through growth current claim morning.'),('word.txt','Head commercial image wide interest.'),('work.avi','Them gas fill amount.'),('worker.tiff','Never can bad every.'),('world.odt','Player star hour nature conference bed.'),('worry.css','He life with hospital law.'),('would.odt','Cause network third often use.'),('writer.jpg','Prove gas medical.'),('writer.odp','Some material return yet.'),('wrong.mov','Fact line later experience rock may.'),('wrong.tiff','Effect lot impact camera behind.'),('yard.docx','Continue minute company.'),('yeah.flac','Set close meeting order level.'),('yeah.js','Former everything fill.'),('year.avi','Worker position analysis consider after.'),('yes.jpg','Level off participant close draw project.'),('you.gif','Interest myself piece care consumer.'),('young.flac','Travel very nice quickly economy.'),('young.xlsx','Nice sell this participant former culture.'),('your.docx','The old movie agreement.'),('your.mov','Alone or trial example lawyer success.'),('yourself.avi','Defense speak paper.'),('yourself.gif','Assume age court sit model message.'),('yourself.ods','Music let century recognize trip organization.');
UNLOCK TABLES;

LOCK TABLES `ethnic_cuisine` WRITE;
INSERT INTO `ethnic_cuisine` VALUES (1,'Italian','game.pdf'),(2,'Chinese','force.key'),(3,'Mexican','cut.gif'),(4,'Indian','a.avi'),(5,'French','indicate.wav'),(6,'Japanese','health.mov'),(7,'Greek','part.mov'),(8,'Spanish','way.tiff'),(9,'Thai','production.css'),(10,'Moroccan','chair.tiff'),(11,'Korean','live.mp3'),(12,'Vietnamese','off.wav'),(13,'Turkish','nature.csv'),(14,'Lebanese','someone.mp3'),(15,'Brazilian','future.flac'),(16,'Ethiopian','quality.webm'),(17,'Peruvian','several.wav'),(18,'German','hotel.mp4'),(19,'Russian','really.mov'),(20,'American','oil.webm');
UNLOCK TABLES;

LOCK TABLES `food_groups` WRITE;
INSERT INTO `food_groups` VALUES (1,'Vegetables','See music manager receive sense among. Keep year from put.','marriage.mp3','Vegeterian dish'),(2,'Fruits','Scene property do between few try. Chair late forward fire smile chance.','late.ppt','Healthy sweet treat'),(3,'Grains','Marriage imagine soon room line. Head consider technology blood ability.','majority.pdf','A nutritious and filling meal'),(4,'Proteins','Better doctor here near after pattern. Real draw school candidate.','require.avi','A high-protein dish'),(5,'Dairy','Now trial mission. Gas television action hair impact return site use.','inside.docx',' Creamy and nutritious beverage'),(6,'Fats and Oils','Particularly tonight management already increase. Anyone after get dark dinner available student.','public.mp3','I have no idea what to write here'),(7,'Sugars','Foreign rather education energy continue culture.','boy.avi','I love sweeeets'),(8,'Nuts and Seeds','Key name friend themselves heart use.','matter.csv','A healthy snack mix'),(9,'Legumes','If himself everybody difference. Sit south smile single final.','particularly.docx','Vegetarian and protein-rich dish'),(10,'Beverages','Human scene Mr guy.','level.avi','Refreshing drink');
UNLOCK TABLES;

LOCK TABLES `gear` WRITE;

INSERT INTO `gear` VALUES (1,'Chefs Knife','Film material else free TV. Assume various seven. Mother so center lot.','pick.mov'),(2,'Cutting Board','Rest or three forward. Technology hope million magazine huge finish. Listen official seven TV.','available.webm'),(3,'Measuring Cups','Book there give charge player chair. What fire themselves authority information.','expect.ppt'),(4,'Measuring Spoons','Performance themselves section side office bar study child. Every sea sort break other.','ball.odp'),(5,'Mixing Bowls','Work note improve pick pretty. Employee own television tend give. Though three most son soldier.','investment.webm'),(6,'Wooden Spoon','Look sea easy student. Wish wonder focus law.','decade.mp3'),(7,'Whisk','Reason while long represent fish why surface. My federal reason job contain.','add.xlsx'),(8,'Rolling Pin','Bag game recent police. Consumer experience instead city pretty.','with.html'),(9,'Baking Sheet','End western check break Republican. Citizen claim need family.','popular.css'),(10,'Muffin Tin','Find face past firm recognize cost.','body.bmp'),(11,'Pie Dish','That time with onto general name reduce yourself.','back.jpg'),(12,'Cake Pan','Share leave face find training. Century gas nice officer write southern tend.','really.mov'),(13,'Cooling Rack','Call answer already hair adult news during after. Interview hair must court enough child away.','organization.docx'),(14,'Spatula','Have pick tough almost perhaps. Any cell fear history. Decision customer oil fly respond play.','well.csv'),(15,'Tongs','Finish environmental hot. Instead condition first far.','production.css'),(16,'Grater','Anyone very behavior show.\nBuy still campaign. Order treatment people middle team theory challenge.','source.mov'),(17,'Colander','Shake ball leave save. Resource light order become marriage.','young.xlsx'),(18,'Saucepan','Visit involve drive home admit author. Blue cost director before concern.','cell.png'),(19,'Frying Pan','Yourself night necessary. Mother interest official put.','long.html'),(20,'Dutch Oven','I ahead word lawyer war.','charge.key');
UNLOCK TABLES;

LOCK TABLES `theme` WRITE;
INSERT INTO `theme` VALUES (1,'Village Recipes','Cold three if month loss seem.','western.mov'),(2,'Easter Eggs','Other particular plan our.','their.flac'),(3,'Vegan Alternatives','Able single audience character pressure.','democratic.wav'),(4,'Gluten-Free','Reveal person together agent.','rock.flac'),(5,'Quick & Easy','Not agency college girl simply.','wife.flac'),(6,'Low Carb','Something most wear conference player sign.','similar.mp3'),(7,'High Protein','Challenge son enjoy believe.','debate.gif'),(8,'Low Fat','Arrive data simply attack.','southern.ods'),(9,'Kid-Friendly','Work sport section represent.','history.docx'),(10,'One-Pot Meals','Late chance others bill.','understand.csv'),(11,'Comfort Food','Notice leave customer today.','member.tiff'),(12,'Holiday Favorites','Next answer send kitchen. Page service only.','range.jpg'),(13,'Seasonal','Left civil boy if to.','piece.avi'),(14,'Budget-Friendly','Their why buy according.','ball.odp'),(15,'Make-Ahead','Begin five grow establish.','modern.csv'),(16,'Party Dishes','Job into finally big maintain carry.','offer.webm'),(17,'BBQ & Grilling','Part theory list skin alone.','project.mov'),(18,'Slow Cooker','Some similar foot such break rule perform.','important.mov'),(19,'Instant Pot','Car upon material mention dinner.','share.jpg'),(20,'Baked Goods','Worker lot owner despite wrong less woman.','money.odt'),(21,'Healthy Snacks','Go environmental enter.','investment.css'),(22,'Desserts','Pick debate cost any conference prepare.','understand.csv'),(23,'Appetizers','People view available name reach close.','several.mp3'),(24,'Salads','Professor foot third appear.','dark.mp3'),(25,'Soups & Stews','Compare only sing fine up work.','investment.css'),(26,'Breakfast & Brunch','Popular without building nor.','accept.mp4'),(27,'Lunch Ideas','Individual through couple amount.','group.csv'),(28,'Dinner Entrees','Keep environment agree.','catch.jpg'),(29,'Side Dishes','Couple indeed easy single.','able.mp3'),(30,'Finger Foods','Avoid sort ability many individual.','increase.mov'),(31,'Vegetarian','Use mention require leave behind.','subject.flac'),(32,'Paleo','Begin know watch minute past Republican.','first.wav'),(33,'Keto','About heavy speak part.','western.bmp'),(34,'Dairy-Free','Character college part money require kid.','get.csv'),(35,'Nut-Free','Whose year idea carry there reflect.','lay.tiff'),(36,'Soy-Free','Go able network purpose.','project.mov'),(37,'Sugar-Free','Relationship rule region station born.','piece.mov'),(38,'Whole30','That yes show result indeed major morning.','act.wav'),(39,'Mediterranean Diet','Stock protect left best.','along.csv'),(40,'Clean Eating','Class black trade industry.','station.wav'),(42,'Fermented Foods','Little allow structure soon interview.','base.wav'),(43,'Comfort Classics','Back remain stage reveal.','since.mp4'),(44,'Family Favorites','House us use its represent foreign.','become.json'),(45,'Ethnic Cuisine','Road police new Republican.','far.webm'),(46,'Fusion Dishes','Day describe total author.','exist.jpeg'),(47,'Street Food','Indeed name offer me purpose third in wall.','hand.mp3'),(48,'Gourmet','Very side factor certainly.','along.csv'),(49,'Baking Classics','Your last page.','happy.avi'),(50,'Chocolate Lovers','Ball dinner recently authority citizen for.','body.bmp'),(51,'Fruit Desserts','Account agreement conference skin.','explain.gif'),(52,'Ice Cream & Frozen','Data maybe house possible fine.','network.mov'),(53,'Pasta Dishes','Doctor billion customer.','method.xls'),(54,'Pizza Night','Which something agree.','piece.mov'),(55,'Sandwiches & Wraps','Kind factor policy many consumer.','view.wav'),(56,'Beverages','Remain their beautiful success affect throw.','main.png'),(57,'Smoothies','Pick page prevent hard boy the rate.','go.csv'),(58,'Cocktails & Mocktails','Act result eye film health although.','win.flac'),(59,'Holiday Cookies','Stage short special box organization poor.','think.mp4'),(60,'Vegan Baking','Window consider nation sit.','individual.pptx'),(61,'Spicy Dishes','Bad my mouth act. Produce dog company rule.','public.mp3'),(62,'Mild Flavors','Bag thousand check issue.','yourself.gif'),(63,'No-Bake Recipes','Analysis peace worker why power.','catch.jpg'),(64,'Under 30 Minutes','Including serve as political.','how.pptx'),(65,'5 Ingredients or Less','Country Mr to trip who.','institution.flac'),(66,'Freezer-Friendly','Scientist who control include coach change.','arm.png'),(67,'Meal Prep','Strategy teacher consider again religious.','road.jpeg'),(68,'Leftover Magic','Allow particularly consumer past shoulder.','trip.js'),(69,'Brunch Classics','Traditional newspaper civil born.','drug.csv'),(70,'Comforting Casseroles','Front these big decade keep.','conference.css'),(71,'Hearty Breakfasts','That certainly realize return.','compare.avi'),(72,'Sunday Roasts','Threat day behind step shake every such.','nature.mp3'),(73,'Festive Feasts','Thing loss economy picture north.','she.pptx'),(74,'Picnic Ideas','Base put message morning ball similar.','reach.webm'),(75,'Camping Recipes','Eight treat third of thing.','southern.ods'),(76,'Tailgate Snacks','Serve true realize operation feel home.','so.jpg'),(77,'Romantic Dinners','Standard talk street doctor bit.','house.css'),(78,'Guilt-Free Treats','Image read character yes.','week.webm'),(79,'Decadent Desserts','Bad ready especially.','test.jpg'),(80,'Ethical Eating','Training that foot sell five try add fall.','recognize.txt'),(81,'Sustainable Seafood','Authority including imagine.','without.jpeg'),(82,'Farm-to-Table','Seek several face remember.','long.html'),(83,'Zero Waste','For list hair look.','easy.tiff'),(84,'Food Gifts','Us report able visit question notice onto.','central.png'),(85,'DIY Condiments','Story audience night surface the.','organization.docx'),(86,'Homemade Sauces','Ten pull practice case.','itself.ods'),(88,'Artisan Breads','Until mean left should clear.','inside.docx'),(89,'Gluten-Free Baking','Join manage attorney past.','practice.png'),(90,'Allergy-Friendly','Continue although hot go.','like.mp3'),(91,'Healthy Swaps','Side appear score address little.','add.tiff'),(92,'Sugar Alternatives','Street health partner.','easy.tiff'),(93,'Protein-Packed','Individual simple no imagine pass.','worry.css'),(94,'Iron-Rich','Set be boy speak back make employee safe.','present.avi'),(95,'Bone Health','Have whole others plant with some.','reach.json'),(96,'Immunity Boosters','By picture down may.','last.txt'),(97,'Detox Recipes','Number factor financial every will painting.','impact.jpg'),(98,'Energizing Meals','Put than turn team.','under.mp3'),(99,'Brain Food','Mean specific five establish.','product.json'),(100,'Heart-Healthy','If gas effect later. Safe paper create.','start.mov');
UNLOCK TABLES;

LOCK TABLES `label` WRITE;
INSERT INTO `label` VALUES (1,'Cold Dish','Offer again these size.','deal.avi'),(2,'Quick Brunch','Arrive through sport draw conference him.','history.png'),(3,'Sweet Treat','Special chance common forget red soldier.','worker.tiff'),(4,'Spicy Delight','Foreign pattern expert soon.','present.mov'),(5,'Light & Fresh','If several policy understand rock.','level.avi'),(6,'Hearty Comfort','Population four anything follow north here.','option.mp3'),(7,'Family Favorite','Power culture sea check cold adult.','investment.css'),(8,'Fusion Cuisine','Laugh already space describe include.','growth.csv'),(9,'Healthy Indulgence','Only price reduce full hand talk.','whom.json'),(10,'Easy Entertaining','To phone town follow peace.','Congress.ppt'),(11,'Savory Snack','Mrs anyone rate report.','well.csv'),(12,'Decadent Dessert','Us make often special up effect.','option.mp3'),(13,'Homemade Comfort','Officer they them collection.','begin.css'),(14,'Gourmet Delight','Meet white able author.','author.json'),(15,'Vegan Delicacy','Business wrong rock fire still find he east.','assume.csv'),(16,'Gluten-Free Goodness','Peace success Congress increase green wife.','answer.js'),(17,'Budget-Friendly Bite','Everybody several back himself.','a.avi'),(18,'One-Pot Wonder','Management mouth middle sister.','southern.ods'),(19,'Traditional Fare','Pass support suffer.','also.csv'),(20,'Exotic Flavors','Agency concern modern event back.','offer.txt');
UNLOCK TABLES;

LOCK TABLES `type` WRITE;
INSERT INTO `type` VALUES (1,'Breakfast',NULL),(2,'Brunch',NULL),(3,'Lunch',NULL),(4,'Dinner',NULL),(5,'Appetizers',NULL),(6,'Snacks',NULL),(7,'Desserts',NULL),(8,'Beverages',NULL),(9,'Picnic',NULL),(10,'Holiday Feast',NULL);
UNLOCK TABLES;

LOCK TABLES `chefs` WRITE;
INSERT INTO `chefs` VALUES (2,'Kevin','Ware',699663417,'1981-07-15',43,14,1,'six.txt'),(3,'Carolyn','Cox',693081156,'2001-01-18',23,3,5,'blood.html'),(4,'Deborah','Hernandez',697883009,'1980-10-29',44,21,5,'property.webm'),(5,'Melissa','Stewart',697339387,'1966-12-16',58,4,1,'to.xls'),(6,'Tyler','Murray',693564819,'1971-05-02',53,18,3,'remain.mov'),(7,'Kimberly','Davidson',698325957,'1977-11-17',47,17,5,'per.mp4'),(8,'Melissa','Garcia',690075557,'1961-12-23',63,7,1,'see.mp4'),(9,'Leslie','Singleton',699992929,'1968-04-11',56,11,2,'since.mp4'),(10,'Jodi','Mcgee',692499236,'1978-08-02',46,0,5,'century.ppt'),(11,'Kimberly','Schwartz',695631397,'1992-01-08',32,2,3,'service.wav'),(12,'Tonya','Ayala',691115949,'2003-09-26',21,3,4,'history.png'),(13,'Devon','Hayes',692959979,'1963-02-05',61,17,3,'her.flac'),(14,'Joshua','Collins',697041157,'2005-03-27',19,0,4,'allow.numbers'),(15,'Andrew','Perez',695709289,'1967-02-26',57,7,1,'despite.html'),(16,'Travis','Myers',696982314,'1959-03-03',65,32,3,'room.css'),(17,'Karen','Scott',696874099,'2003-05-16',21,0,2,'operation.jpeg'),(18,'Dennis','Williams',692562749,'1968-11-04',56,31,2,'brother.odp'),(19,'David','Mccann',691666675,'1983-10-05',41,23,4,'democratic.avi'),(20,'Justin','Holland',693003168,'1998-10-06',26,1,1,'wife.flac'),(21,'Daniel','Cuevas',690748401,'1999-11-08',25,5,2,'if.mp3'),(22,'Jacqueline','Hendrix',697227066,'1986-02-17',38,2,5,'check.avi'),(23,'Tina','Valenzuela',699479563,'1989-01-21',35,16,1,'very.mp4'),(24,'Anthony','Sherman',694069915,'1996-01-07',28,5,3,'main.mp3'),(26,'Michael','Gross',690019539,'1990-06-05',34,2,2,'nation.js'),(27,'Daisy','Salazar',694338141,'1987-08-22',37,8,3,'firm.key'),(28,'Lydia','Davis',698185426,'1964-04-26',60,8,1,'voice.docx'),(29,'Joseph','Hernandez',694023483,'2003-11-17',21,2,5,'dinner.html'),(30,'Brandon','Lamb',698499198,'1990-04-02',34,1,3,'morning.css'),(31,'Mary','Quinn',691395173,'2004-03-16',20,2,1,'charge.key'),(32,'Angela','Stone',691117500,'2003-12-15',21,1,2,'civil.jpeg'),(33,'Marvin','Davies',695754347,'2003-05-07',21,0,5,'history.docx'),(35,'Joshua','Reynolds',698371010,'1960-01-02',64,17,5,'woman.json'),(36,'Willie','Hunter',691472341,'1996-01-31',28,7,3,'good.doc'),(37,'Valerie','Ayers',691846202,'2003-05-13',21,0,4,'down.flac'),(38,'Tyrone','Phillips',694404316,'1998-12-15',26,6,1,'return.jpeg'),(39,'Amber','Garza',696104599,'1984-11-29',40,6,2,'top.tiff'),(40,'Robert','Lane',692149683,'1982-06-07',42,4,4,'rate.pdf'),(41,'Kelly','Newton',694516509,'2004-07-16',20,1,2,'voice.html'),(42,'Victoria','Carroll',691123872,'2000-01-16',24,0,2,'line.avi'),(43,'Nicholas','Lawrence',691263885,'1990-05-24',34,12,5,'close.webm'),(44,'Jessica','Bailey',692848277,'1990-12-18',34,6,2,'able.mp3'),(45,'William','Cooper',690224308,'1978-05-16',46,0,5,'green.docx'),(46,'Dana','Lee',695420044,'1993-06-06',31,2,3,'whom.doc'),(47,'Katie','Brown',690937022,'1987-01-30',37,0,1,'newspaper.wav'),(48,'Tricia','Floyd',698975540,'1999-04-01',25,3,3,'lay.tiff'),(49,'James','Keller',695597684,'1997-04-09',27,9,3,'entire.wav'),(50,'Deborah','Patel',692201014,'1959-02-27',65,46,1,'likely.doc');
UNLOCK TABLES;

LOCK TABLES `ingredients` WRITE;
INSERT INTO `ingredients` VALUES (111,'Sausage','Sign act campaign.',786,6,'item.mp3'),(127,'Yogurt','Speak author court easy born.',620,2,'interest.ods'),(133,'Cream','Then imagine those once one.',808,1,'education.xlsx'),(151,'Kale','Kitchen that although soon.',490,4,'fire.js'),(175,'Walnuts','Personal tend training Democrat.',266,9,'everyone.ppt'),(181,'Beets','Season white street relationship.',108,7,'bar.odt'),(187,'Tilapia','Inside lot field still fill.',759,10,'program.gif'),(190,'Grapes','Different respond their garden organization.',129,8,'through.js'),(225,'Seitan','Them within with brother they.',267,2,'suddenly.webm'),(230,'Cucumber','Indeed employee as moment chance.',531,9,'effort.js'),(244,'Mushroom','Feel drug carry if.',366,10,'foreign.wav'),(249,'Black Pepper','Interest whatever single conference.',550,1,'national.wav'),(254,'Banana','Position new along use.',264,9,'draw.xlsx'),(271,'Flour','East company be to add campaign scene.',617,9,'thus.flac'),(272,'Cheese','Miss create author usually talk room air.',104,2,'usually.webm'),(288,'Eggs','Head figure building sense.',222,2,'sign.mp3'),(296,'Salt','Thing woman once reduce skin very ever.',588,9,'community.pptx'),(311,'Maple Syrup','Increase now real few.',801,6,'executive.ppt'),(313,'Ketchup','Fish middle answer goal today like serve.',740,9,'approach.webm'),(326,'Cashews','Billion size vote go. Crime significant Mr.',675,8,'significant.png'),(327,'Scallops','Air note else up join relationship.',442,8,'decade.mp3'),(331,'Rice','Be behind situation.',231,2,'interesting.flac'),(332,'Chard','Say sense adult indeed bad.',738,9,'blue.odt'),(340,'Cilantro','Recognize later security run popular clear.',56,5,'firm.key'),(342,'Spinach','Certain guy south recognize tell.',469,2,'student.txt'),(347,'Pork','Just item whether police answer.',306,4,'create.mp3'),(348,'Mahi Mahi','Carry traditional program theory.',876,8,'avoid.odp'),(350,'Tomato','None full sure environment response.',229,6,'show.mov'),(355,'Bell Pepper','Source author effect ahead join page.',179,1,'firm.key'),(362,'Sardines','Majority enter candidate house budget.',751,5,'require.avi'),(365,'Apple','Model common huge miss what open build.',257,10,'pay.png'),(373,'Jelly','Resource rest day everything bad oil.',274,4,'heart.flac'),(391,'Mayonnaise','Second far similar meeting today.',278,4,'hand.mp3'),(403,'Milk','Where movie type someone let.',85,5,'guess.html'),(412,'Duck','International themselves short very.',378,10,'test.jpg'),(417,'Tuna','Suggest after effect when bill.',562,5,'husband.json'),(419,'Lime','Central perform try a development perhaps.',739,9,'sport.html'),(433,'Bread','Face production American treat ahead drop.',201,5,'science.odp'),(456,'Bacon','Fill ten collection blood rock year.',469,10,'his.ods'),(461,'Lettuce','Bank drop pretty according nearly.',290,6,'which.tiff'),(473,'Swordfish','Property maintain check need way next.',103,9,'themselves.mov'),(480,'Oats','If raise left.',845,8,'before.numbers'),(481,'Onion','Language education worry need we or six.',760,4,'body.bmp'),(496,'Avocado','Station whose industry or matter federal.',641,2,'reach.webm'),(509,'Blueberry','Nice fill bag likely difference available.',152,6,'main.mp3'),(523,'Sugar','Field here by.',73,6,'among.bmp'),(528,'Carrot','Provide travel model back any.',721,8,'red.mp3'),(535,'Broccoli','Environment appear easy would let.',804,10,'thus.flac'),(553,'Lemon','Determine health want order.',411,9,'risk.bmp'),(564,'Salmon','Pass worry tend hard set parent.',759,8,'rate.mov'),(569,'Almonds','Beat common water floor size very determine.',896,9,'structure.mp4'),(572,'Coconut Milk','Role detail me few how avoid.',360,7,'expect.ppt'),(593,'Peanut Butter','See glass reality drug music.',367,10,'guess.html'),(596,'Honey','Research product field owner appear term.',689,6,'late.ppt'),(601,'Chicken','Hand glass clear bit maintain best.',742,4,'door.css'),(629,'Chili Pepper','Sea effort his.',635,10,'create.mp3'),(630,'Celery','Nice product million federal final.',131,2,'technology.numbers'),(634,'Butter','Medical sign threat baby he daughter.',687,10,'main.png'),(642,'Brussels Sprouts','Expect pay impact.',507,5,'exactly.mp3'),(653,'Zucchini','Explain be blue perhaps.',170,3,'a.avi'),(668,'Strawberry','Listen simply race not arrive Democrat.',667,8,'else.bmp'),(679,'Oregano','Rich investment road. Truth sure still.',355,5,'method.xls'),(684,'Tempeh','Least security choice report.',636,3,'growth.mp4'),(703,'Basil','Night forward only theory site.',672,1,'Congress.ppt'),(719,'Leek','Street almost shoulder soldier wide.',79,3,'never.gif'),(723,'Ginger','Way behavior operation painting young lead.',652,3,'actually.tiff'),(735,'Garlic','Whom phone indicate nothing involve.',650,3,'brother.mov'),(743,'Crab','Discuss foot Mrs recent threat tough art.',282,5,'teacher.mp3'),(747,'Barley','The movement attorney ready.',171,7,'lead.txt'),(756,'Tofu','Middle final everyone address.',176,2,'eight.gif'),(762,'Orange','Media price send edge.',410,1,'pay.png'),(778,'Olive Oil','Method someone audience ask could.',294,3,'subject.csv'),(785,'Artichoke','Less safe organization understand.',469,7,'rule.csv'),(796,'Lobster','In total billion ahead manager.',51,9,'certainly.css'),(804,'Mango','Great couple expert open agent at.',212,3,'read.json'),(808,'Pineapple','Light concern nation back we.',124,8,'southern.webm'),(819,'Bacon','Energy and enter structure.',406,4,'pattern.key'),(821,'Beef','Consider music yes.',730,10,'part.mp4'),(823,'Mussels','Suddenly too decide production.',761,6,'allow.css'),(850,'Beef Broth','Hospital add find.',775,5,'especially.ppt'),(856,'Mustard','Few bar church free.',883,9,'Mrs.avi'),(861,'Anchovies','Interesting someone someone result.',176,1,'treat.webm'),(871,'Turkey','Single ever improve.',735,6,'third.jpg'),(875,'Clams','Decade surface next kitchen never support.',540,8,'number.flac'),(881,'Ham','Argue nearly memory know buy three life.',895,10,'growth.csv'),(886,'Quinoa','Task sell senior somebody politics arrive.',258,2,'against.gif'),(927,'Eggplant','Room he eat prepare among.',676,4,'picture.bmp'),(930,'Corn','Listen share itself tax.',320,10,'local.webm'),(932,'Chicken Broth','Want clear week exactly activity individual.',747,1,'affect.jpg'),(933,'Parsley','Try easy despite half visit early.',109,10,'themselves.gif'),(946,'Asparagus','Speech blood color yard.',449,3,'structure.wav'),(953,'Peas','Far language military house party which all.',737,5,'build.mov'),(963,'Mint','My stuff parent no approach past.',617,4,'budget.html'),(972,'Chives','Figure consumer region bit issue serious.',619,4,'somebody.json'),(983,'Soy Sauce','Fund leave pick. Need practice I.',532,8,'accept.mp4'),(998,'Potato','Same trip offer feel west get.',132,7,'themselves.gif');
UNLOCK TABLES;

LOCK TABLES `chef_cu` WRITE;
INSERT INTO `chef_cu` VALUES (2,1),(4,1),(5,1),(7,1),(10,1),(11,1),(14,1),(16,1),(22,1),(29,1),(30,1),(43,1),(2,2),(3,2),(6,2),(9,2),(10,2),(15,2),(16,2),(19,2),(20,2),(31,2),(35,2),(36,2),(39,2),(42,2),(44,2),(45,2),(46,2),(50,2),(6,3),(8,3),(13,3),(14,3),(15,3),(16,3),(21,3),(26,3),(27,3),(37,3),(38,3),(41,3),(42,3),(44,3),(47,3),(5,4),(6,4),(7,4),(10,4),(12,4),(13,4),(14,4),(15,4),(16,4),(18,4),(26,4),(32,4),(41,4),(42,4),(48,4),(50,4),(4,5),(5,5),(9,5),(21,5),(23,5),(29,5),(33,5),(35,5),(38,5),(42,5),(46,5),(47,5),(49,5),(4,6),(9,6),(15,6),(16,6),(17,6),(23,6),(29,6),(30,6),(37,6),(49,6),(5,7),(12,7),(19,7),(20,7),(21,7),(26,7),(28,7),(31,7),(35,7),(40,7),(48,7),(50,7),(9,8),(12,8),(20,8),(21,8),(24,8),(26,8),(30,8),(32,8),(35,8),(36,8),(37,8),(45,8),(46,8),(48,8),(49,8),(50,8),(4,9),(5,9),(6,9),(8,9),(14,9),(17,9),(18,9),(20,9),(21,9),(24,9),(28,9),(32,9),(33,9),(35,9),(36,9),(39,9),(40,9),(45,9),(47,9),(49,9),(50,9),(5,10),(7,10),(9,10),(10,10),(14,10),(16,10),(19,10),(23,10),(26,10),(29,10),(40,10),(42,10),(2,11),(5,11),(6,11),(11,11),(12,11),(13,11),(15,11),(16,11),(17,11),(21,11),(22,11),(29,11),(30,11),(31,11),(32,11),(33,11),(36,11),(41,11),(43,11),(44,11),(45,11),(46,11),(48,11),(49,11),(5,12),(8,12),(10,12),(12,12),(15,12),(16,12),(21,12),(31,12),(32,12),(35,12),(44,12),(46,12),(47,12),(49,12),(4,13),(14,13),(16,13),(26,13),(31,13),(32,13),(36,13),(37,13),(39,13),(44,13),(45,13),(47,13),(4,14),(7,14),(8,14),(11,14),(19,14),(20,14),(22,14),(24,14),(26,14),(37,14),(41,14),(50,14),(3,15),(8,15),(10,15),(12,15),(15,15),(17,15),(20,15),(29,15),(36,15),(37,15),(38,15),(2,16),(3,16),(4,16),(7,16),(11,16),(12,16),(14,16),(16,16),(20,16),(22,16),(23,16),(24,16),(28,16),(39,16),(41,16),(42,16),(43,16),(44,16),(46,16),(48,16),(49,16),(3,17),(6,17),(7,17),(9,17),(12,17),(13,17),(17,17),(19,17),(21,17),(26,17),(27,17),(29,17),(30,17),(31,17),(32,17),(33,17),(38,17),(39,17),(50,17),(3,18),(6,18),(10,18),(13,18),(15,18),(18,18),(19,18),(20,18),(27,18),(28,18),(31,18),(33,18),(35,18),(36,18),(37,18),(40,18),(41,18),(48,18),(3,19),(5,19),(6,19),(9,19),(12,19),(20,19),(28,19),(37,19),(44,19),(47,19),(6,20),(8,20),(11,20),(15,20),(16,20),(19,20),(20,20),(22,20),(24,20),(27,20),(29,20),(31,20),(33,20),(36,20),(46,20),(47,20),(48,20),(49,20);
UNLOCK TABLES;

LOCK TABLES `recipes` WRITE;
INSERT INTO `recipes` VALUES (1,'Classic Spaghetti Carbonara',0,1,'Conference other old building.','','','',54,43,11,2,'Refreshing drink',593,3,48,'marriage.mp3'),(2,'Stuffed Bell Peppers',1,5,'Question no conference very least another.','','','',155,55,100,4,' Creamy and nutritio',850,10,25,'method.png'),(3,'Homemade Pizza Margherita',1,5,'Nation fear purpose day box its support.','Store homemade pesto in the freezer in ice cube trays.','Use a sieve to dust powdered sugar over baked goods.','Toast nuts before using to bring out their flavor.',146,51,95,1,'Refreshing drink',634,15,15,'interesting.wav'),(4,'Chicken Tikka Masala',1,1,'Oil building heart very eye during.','Store potatoes in a cool, dark place to prevent sprouting.','','',146,95,51,2,'Healthy sweet treat',886,6,76,'nature.mp3'),(5,'Beef Stroganoff',0,3,'He likely pattern base often speech.','Add a little water to scrambled eggs for a fluffier texture.','Store leftovers in an airtight container in the fridge for up to 3 days.','Use a peeler to make vegetable ribbons for salads.',74,64,10,2,' Creamy and nutritio',340,3,38,'interesting.flac'),(6,'Vegetable Stir-Fry',0,4,'Raise air focus service why minute.','Use a damp paper towel to keep herbs fresh.','Add a splash of soy sauce to stir-fries for extra flavor.','Store onions in a cool, dark place to keep them fresh longer.',41,20,21,2,' Creamy and nutritio',679,20,34,'Congress.ppt'),(7,'Mango Chicken Curry',0,2,'Night raise house skin vote summer.','Add a small amount of oil to pasta water to prevent sticking.','','',120,82,38,2,'A healthy snack mix',875,14,78,'police.webm'),(8,'Caprese Salad',1,2,'Now alone activity Republican financial.','Use a sharp knife for more precise cuts and to avoid injury.','','',117,65,52,2,'Healthy sweet treat',630,11,49,'structure.wav'),(10,'Lemon Herb Roast Chicken',0,3,'Which almost we pattern road nation space.','Store fresh berries in the fridge to keep them fresh longer.','Add a small amount of oil to pasta water to prevent sticking.','',64,31,33,1,'I love sweeeets',785,18,93,'pass.pdf'),(11,'Creamy Tomato Soup',0,2,'Expect assume none support improve.','Add a slice of lemon to keep cut apples from browning.','Add a teaspoon of soy sauce to marinades for extra umami.','',222,115,107,4,'Refreshing drink',930,20,7,'compare.avi'),(12,'Spinach and Ricotta Stuffed Shells',0,4,'Nice nothing bed research.','Add a splash of wine to soups and stews for added depth of flavor.','','',166,60,106,3,'I have no idea what ',461,18,40,'civil.jpeg'),(13,'Grilled Salmon with Asparagus',0,5,'Former public want Republican act late.','','','',40,30,10,4,'A healthy snack mix',564,10,7,'simply.png'),(14,'Teriyaki Tofu Bowl',1,5,'Many order floor.','Store chocolate in a cool, dry place to prevent melting.','Add a bit of hot water to honey to make it easier to pour.','',201,100,101,3,'Refreshing drink',187,20,56,'participant.mp3'),(15,'BBQ Pulled Pork Sandwiches',0,4,'Idea relate only practice.','Add a slice of lemon to keep cut apples from browning.','Use a kitchen scale for more accurate ingredient measurements.','Always use cold butter in pastry dough for flakier results.',169,84,85,1,'A healthy snack mix',326,19,11,'professor.jpg'),(16,'Eggplant Parmesan',1,4,'Daughter still particularly check least few.','Store fresh berries in the fridge to keep them fresh longer.','','',170,106,64,3,'I have no idea what ',523,18,36,'perhaps.odt'),(17,'Honey Garlic Glazed Salmon',0,2,'Serious should appear of.','','','',102,85,17,2,'A high-protein dish',373,20,48,'hospital.odp'),(18,'Vegetarian Chili',0,3,'Quality might tax trade who less.','','','',155,120,35,2,'Healthy sweet treat',342,2,93,'nation.avi'),(19,'Crispy Baked Chicken Tenders',1,1,'Congress daughter begin expert money.','Use a salad spinner to remove excess water from greens.','Add a slice of lemon to keep cut apples from browning.','Add a teaspoon of lemon zest to brighten up baked goods.',110,65,45,3,'A healthy snack mix',875,13,59,'interest.ods'),(20,'Beef and Broccoli Stir-Fry',1,3,'South training event employee challenge.','Store homemade granola in an airtight container to keep it crunchy.','Use a serrated knife to cut through soft foods like tomatoes and bread.','Use a potato masher for more than just potatoesgreat for guacamole and refried beans.',81,48,33,2,'A healthy snack mix',326,3,53,'happy.docx'),(21,'Cauliflower Fried Rice',1,3,'From together break arrive soldier.','Use a kitchen timer to avoid overcooking.','Use a kitchen scale for more accurate ingredient measurements.','Store asparagus with the stems in water in the fridge to keep them fresh.',189,87,102,2,'A high-protein dish',481,11,83,'catch.flac'),(22,'Mushroom Risotto',1,2,'Top article small type accept view.','Add a teaspoon of soy sauce to marinades for extra umami.','','',192,107,85,1,'Vegetarian and prote',271,20,98,'brother.mov'),(23,'Greek Salad',0,5,'Return dark dog agent west.','Chill cookie dough before baking for better texture.','','',119,77,42,2,'Vegeterian dish',932,18,10,'stock.webm'),(24,'Butternut Squash Soup',1,3,'Tend view old model break finally.','Store fresh cilantro in a glass of water in the fridge.','Add a teaspoon of sugar to tomato sauces to balance the acidity.','Use a serrated knife to cut tomatoes for cleaner slices.',55,12,43,4,'Refreshing drink',930,15,11,'structure.mp4'),(25,'Shrimp Pad Thai',0,1,'Save center important approach.','Store homemade stock in ice cube trays for easy use.','','',102,53,49,1,'Refreshing drink',456,18,40,'reflect.csv'),(26,'Mexican Street Tacos',1,3,'Score relationship individual impact.','Use a mandoline for perfectly even vegetable slices.','Add a few grains of rice to your salt shaker to prevent clumping.','',68,16,52,3,'Refreshing drink',881,14,37,'police.webm'),(27,'Beef Enchiladas',1,2,'These remember than back blue move.','Use a vegetable peeler to create thin slices of cheese.','','',159,69,90,1,'Vegetarian and prote',796,14,86,'wife.avi'),(28,'Chicken Alfredo Pasta',0,4,'Possible worker can all notice.','Use a spider strainer to remove fried foods from hot oil.','','',159,58,101,3,'Vegetarian and prote',313,20,93,'station.wav'),(30,'Vegan Buddha Bowl',0,4,'Nation have police sometimes cut.','Add a slice of lemon to keep cut apples from browning.','Add a tablespoon of flour to thicken soups and stews.','Store fresh berries in a single layer to prevent crushing.',212,116,96,3,'A healthy snack mix',190,17,40,'owner.pages'),(31,'Tomato Basil Bruschetta',0,4,'Large still happen onto available.','Add a teaspoon of sugar to salad dressings to balance the acidity.','Store fresh bread in a bread box to keep the crust crispy.','Add a slice of bread to your brown sugar container to keep it soft.',118,99,19,4,' Creamy and nutritio',679,4,2,'important.mov'),(32,'Creamy Mushroom Pasta',1,3,'Large begin with big skill total training.','Use a spider strainer to remove fried foods from hot oil.','Store homemade stock in ice cube trays for easy use.','',106,66,40,2,'Refreshing drink',930,10,63,'hospital.odp'),(33,'Roasted Vegetable Medley',0,4,'Doctor kid perhaps age activity.','','','',82,18,64,1,'I love sweeeets',785,1,23,'seem.bmp'),(34,'Zucchini Noodles with Pesto',1,5,'Language nice husband floor step man.','Store spices in a cool, dark place to keep them fresh longer.','','',72,14,58,2,'Refreshing drink',593,7,8,'what.pages'),(35,'Teriyaki Chicken Skewers',0,3,'Republican create finish.','Add a slice of lemon to keep cut apples from browning.','Add salt to boiling water to enhance the flavor of vegetables.','',177,98,79,2,'A high-protein dish',927,11,15,'foreign.wav'),(36,'Sweet and Sour Pork',0,5,'Source teacher control he.','Use a ladle to portion out soup and stew.','Keep a spray bottle of water handy to moisten dry dough.','Keep a trash bowl on your counter to make clean-up easier.',209,109,100,4,'Healthy sweet treat',342,16,89,'offer.webm'),(39,'Lentil Soup',0,4,'Something four through.','Use a zester to add a burst of citrus flavor to dishes.','Marinate meat for at least 30 minutes to enhance flavor.','',101,39,62,4,'A nutritious and fil',723,8,59,'effort.js'),(40,'Sesame Ginger Tofu Stir-Fry',0,2,'A front when plan environment small chance.','','','',93,18,75,2,'A healthy snack mix',348,8,22,'board.tiff'),(41,'Stuffed Portobello Mushrooms',0,3,'These protect people return seven.','','','',125,18,107,1,'I love sweeeets',785,20,76,'site.png'),(42,'Honey Sriracha Chicken Wings',1,3,'Try believe appear dinner.','Store leftover cake in an airtight container to keep it moist.','Add a teaspoon of soy sauce to marinades for extra umami.','',72,43,29,3,'Vegeterian dish',762,13,81,'event.txt'),(43,'Creamy Garlic Mashed Potatoes',1,4,'Walk fly indicate. Now of fear various.','Use a kitchen timer to avoid overcooking.','Always use cold butter in pastry dough for flakier results.','Store fresh herbs in the freezer to keep them fresh longer.',80,10,70,4,'Vegetarian and prote',332,11,98,'food.ppt'),(44,'Ratatouille',0,2,'Organization growth six no.','','','',43,23,20,3,'Refreshing drink',821,9,66,'piece.mov'),(45,'Cilantro Lime Rice',0,5,'Face standard recently begin.','Add a little lemon juice to prevent fruits like apples and avocados from browning.','','',146,67,79,3,'I have no idea what ',823,13,54,'everybody.html'),(46,'Chicken Fajitas',0,2,'Physical two them cultural offer.','Add a pinch of baking soda to tomato soup to reduce acidity.','Add a pinch of salt to egg whites to help them whip up faster.','',84,43,41,4,'A healthy snack mix',564,3,95,'court.pdf'),(47,'Salmon with Dill Sauce',1,5,'Although deal development bar.','Store bread in a bread box or paper bag to keep the crust crispy.','Add a bit of mustard to vinaigrette to help it emulsify.','',102,22,80,4,'Vegetarian and prote',419,6,40,'same.ods'),(49,'Crispy Baked Tofu',1,1,'Pay idea character successful.','','','',154,41,113,2,' Creamy and nutritio',642,12,66,'them.webm'),(50,'Bruschetta Chicken',1,5,'Three hot later success attention.','Use a peeler to make vegetable ribbons for salads.','','',179,107,72,3,'A nutritious and fil',735,11,91,'continue.flac'),(51,'Sauted Garlic Green Beans',1,5,'High interesting drop sense seat.','','','',132,40,92,4,'Refreshing drink',821,16,92,'term.mp3'),(52,'Mediterranean Couscous Salad',1,4,'Apply include ahead up.','Use a fine-mesh strainer to sift dry ingredients for baking.','Store fresh herbs in a damp paper towel in the fridge.','Use a pastry cutter to blend butter into flour for pie dough.',135,80,55,4,'I love sweeeets',998,5,43,'choice.jpeg'),(53,'Pumpkin Soup',0,2,'Just alone walk wind.','Keep a bowl of ice water nearby when working with dough to keep your hands cool.','Use a silicone spatula to scrape every bit of batter from the bowl.','',120,13,107,3,'I have no idea what ',823,12,79,'every.mp3'),(54,'Pad See Ew',1,4,'Yourself three cup thousand mother others.','Rinse quinoa before cooking to remove its bitter coating.','Store homemade jams and jellies in the fridge.','',117,44,73,1,'Healthy sweet treat',288,18,66,'choice.jpeg'),(55,'Veggie Tacos',0,3,'Yes consumer wide.','Use a balloon whisk for lighter, fluffier batters.','','',46,10,36,2,'A nutritious and fil',653,10,89,'image.csv'),(56,'Lemon Garlic Butter Shrimp',0,3,'Market final direction consider happy story.','Add a slice of bread to your brown sugar container to keep it soft.','','',90,47,43,3,'Vegeterian dish',355,20,86,'box.txt'),(57,'Caprese Stuffed Chicken',1,5,'Tough same most. Maybe how science such.','','','',150,36,114,3,' Creamy and nutritio',679,10,96,'risk.js'),(58,'Beef and Bean Burritos',0,5,'Her hold general go least.','','','',118,45,73,4,' Creamy and nutritio',850,10,22,'increase.css'),(59,'Pasta Primavera',1,5,'Whether explain bill body network.','Add a tablespoon of vinegar to boiling water for fluffier rice.','Use a silicone spatula to scrape every bit of batter from the bowl.','Add a splash of wine to soups and stews for added depth of flavor.',186,68,118,4,'Vegetarian and prote',254,13,68,'oil.webm'),(60,'Mushroom Bolognese',1,2,'Detail power the.','','','',82,19,63,4,'Healthy sweet treat',225,2,86,'cost.pages'),(61,'Roasted Red Pepper Hummus',1,2,'Similar nice camera cell technology.','Store spices in a cool, dark place to keep them fresh longer.','Store spices in a cool, dark place to keep them fresh longer.','',85,70,15,4,'A healthy snack mix',480,8,44,'power.html'),(62,'Honey Mustard Chicken',0,5,'Company green heart summer piece senior.','Use a dough scraper to divide bread dough evenly.','','',114,23,91,1,'Refreshing drink',412,18,78,'under.mp3'),(63,'Tomato Basil Pasta',0,3,'Idea general test responsibility.','','','',188,102,86,3,'Healthy sweet treat',496,5,64,'important.json'),(64,'Vegetarian Stuffed Peppers',1,2,'Quickly use town job. Concern red story.','','','',147,53,94,2,'Vegetarian and prote',254,4,38,'perhaps.odt'),(65,'Crispy Baked Cod',0,5,'Health way glass tend instead world section.','','','',138,95,43,1,'I have no idea what ',509,1,97,'remain.mov'),(66,'Cauliflower Alfredo',1,2,'Teacher may provide pull share success risk.','','','',81,60,21,4,'A healthy snack mix',564,18,52,'future.flac'),(67,'Thai Green Curry',0,3,'Already sit ahead goal safe put dinner.','','','',146,51,95,2,' Creamy and nutritio',679,12,64,'care.bmp'),(69,'Soy Ginger Glazed Salmon',0,2,'Poor look military second only less watch.','Rest dough in the refrigerator for at least 30 minutes to make it easier to work with.','','',81,54,27,1,' Creamy and nutritio',417,13,36,'very.mp4'),(70,'Chickpea Curry',1,5,'Claim decide bag start seem practice.','Chill cookie dough before baking for better texture.','Chill cookie dough before baking for better texture.','Store homemade bread in a paper bag to keep the crust crispy.',159,98,61,3,' Creamy and nutritio',743,15,64,'all.gif'),(71,'Baked Ziti',1,3,'Care section room number on paper job.','To prevent overmixing, fold ingredients in gently.','','',153,57,96,3,'A healthy snack mix',564,1,64,'class.jpeg'),(72,'Ratatouille Tart',0,1,'Inside girl station shoulder.','Let pie filling cool before adding it to the crust to prevent sogginess.','Use a damp towel to cover dough while it rises to prevent drying out.','Blanch vegetables before freezing to preserve their color and texture.',157,118,39,1,'Refreshing drink',187,14,10,'too.odp'),(73,'Sesame Noodles',0,3,'Often room size character.','Use a potato masher for more than just potatoesgreat for guacamole and refried beans.','Store homemade jams and jellies in the fridge.','Store homemade granola in an airtight container to keep it crunchy.',120,28,92,4,'A nutritious and fil',684,9,62,'them.mp3'),(74,'Stuffed Acorn Squash',0,2,'Possible relationship another different.','','','',142,80,62,1,'A high-protein dish',601,10,57,'risk.js'),(75,'Coconut Curry Chicken',1,4,'Thus body entire. At view act position call.','','','',82,22,60,3,' Creamy and nutritio',403,15,34,'ahead.mov'),(76,'Black Bean and Corn Salad',1,3,'Material mission upon data.','','','',161,46,115,3,'Vegeterian dish',932,1,46,'fund.ods'),(77,'Spinach and Feta Stuffed Chicken',1,3,'Move per serve year realize.','Store brown sugar in an airtight container to keep it from hardening.','','',132,107,25,2,'I have no idea what ',111,19,75,'accept.mov'),(78,'Vegetable Paella',1,3,'Between laugh on machine prepare.','','','',121,96,25,4,'Healthy sweet treat',496,2,56,'main.png'),(79,'Chicken Caesar Salad',1,3,'Head million behind.','Store brown sugar in an airtight container to keep it from hardening.','Use a thermometer to ensure oil is at the correct temperature for frying.','Let pie crust rest before rolling out to prevent shrinking.',73,41,32,2,'A nutritious and fil',719,4,97,'possible.ppt'),(80,'Lentil Shepherd\'s Pie',0,1,'Magazine weight strong baby across risk.','','','',181,67,114,1,'I love sweeeets',998,4,70,'fund.mov'),(81,'Cajun Shrimp and Sausage Pasta',1,4,'Skill whether hope step great step.','Add a small amount of oil to pasta water to prevent sticking.','','',156,46,110,3,'Vegetarian and prote',254,14,5,'team.flac'),(82,'Garlic Parmesan Roasted Brussels Sprouts',1,5,'Happy serve statement air degree throughout.','Use a box grater to grate cold butter into biscuit dough.','Use a potato ricer for the fluffiest mashed potatoes.','',97,14,83,1,'I love sweeeets',181,8,97,'itself.ppt'),(83,'Teriyaki Glazed Salmon',0,3,'Name Mr store represent seem house scene.','Use a food mill to make smooth sauces and purees.','Keep a bowl of ice water nearby when working with dough to keep your hands cool.','',45,26,19,1,'Vegetarian and prote',254,20,52,'young.xlsx'),(84,'Quinoa Stuffed Bell Peppers',1,5,'Miss agreement hotel read sea when.','Use a kitchen torch to caramelize sugar on desserts.','Store fresh tomatoes stem-side down to keep them fresh longer.','',119,33,86,4,'Refreshing drink',821,11,94,'far.webm'),(85,'Creamy Tomato Basil Soup',1,3,'Least crime action pull single himself.','Store fresh ginger in the freezer for easier grating.','Use a damp paper towel to keep herbs fresh.','',129,79,50,2,'Vegetarian and prote',254,12,6,'only.mp3'),(86,'Mushroom Spinach Quiche',1,3,'Hit treat development center health always.','','','',171,91,80,1,'I love sweeeets',747,11,15,'so.jpg'),(87,'Sweet Potato Black Bean Enchiladas',0,3,'Her build my clearly.','Add a splash of lemon juice to marinades for extra flavor.','','',147,120,27,1,'I love sweeeets',572,4,27,'professional.csv'),(88,'Pesto Zucchini Noodles',1,5,'Significant now including where camera.','Add a bit of sugar to tomato-based sauces to balance the acidity.','Use a silicone spatula to scrape every bit of batter from the bowl.','',118,72,46,2,'A nutritious and fil',778,7,84,'in.mov'),(89,'Stuffed Cabbage Rolls',1,2,'War game bed let professional.','','','',182,62,120,3,'Vegetarian and prote',473,6,63,'project.mov'),(90,'Honey Garlic Shrimp Stir-Fry',1,3,'Treatment wait operation kid size.','Store fresh berries in the fridge to keep them fresh longer.','','',161,61,100,1,'A healthy snack mix',875,18,96,'amount.mp3'),(91,'Lemon Butter Chicken',1,5,'Building throughout conference expert.','Rinse quinoa before cooking to remove its bitter coating.','Store garlic in a cool, dark place to prevent sprouting.','',200,109,91,3,'I have no idea what ',311,12,11,'rise.tiff'),(92,'Cauliflower Tacos',1,1,'Current book toward perform yes explain.','Let pie crust rest before rolling out to prevent shrinking.','Store fresh bread in a bread box to keep the crust crispy.','',139,102,37,2,'A healthy snack mix',668,7,74,'tough.gif'),(93,'Caprese Chicken Salad',1,5,'Go trade two from information see both.','','','',79,46,33,4,'I love sweeeets',181,13,48,'right.txt'),(94,'Butternut Squash Mac and Cheese',0,3,'Age Congress none who.','Use a citrus reamer to juice lemons and limes easily.','Use a meat thermometer to ensure meat is cooked to the correct temperature.','Add a pinch of salt to caramel to balance the sweetness.',145,39,106,2,'Healthy sweet treat',886,4,73,'lay.tiff'),(95,'Sesame Crusted Tofu',1,5,'Film hit quite second.','Use a garlic press for quickly mincing garlic.','','',157,76,81,1,'A nutritious and fil',778,7,22,'seat.js'),(96,'Stuffed Chicken Breast',1,3,'Ability movement point fish still citizen.','','','',94,58,36,3,'A nutritious and fil',719,16,32,'local.mp3'),(97,'Chickpea Salad',1,2,'Data family adult big production really.','','','',77,52,25,2,'A high-protein dish',963,12,24,'firm.csv'),(98,'Greek Chicken Gyros',0,3,'Old call southern continue seek.','','','',164,49,115,1,' Creamy and nutritio',850,14,82,'approach.mp4'),(99,'Eggplant Lasagna',0,1,'Agent agent subject sell.','Use a sharp knife for more precise cuts and to avoid injury.','Use a zester to finely grate citrus peel.','Add a pinch of baking soda to tomato soup to reduce acidity.',103,56,47,2,'I have no idea what ',523,4,15,'someone.mov'),(100,'Garlic Butter Steak Bites',1,1,'Final trade result record boy property go.','Add a dash of soy sauce to soups for an umami boost.','Use a damp towel to cover dough while it rises to prevent drying out.','Use a paring knife for small, precise cuts.',228,111,117,2,'Healthy sweet treat',225,17,12,'along.csv');
UNLOCK TABLES;


LOCK TABLES `rec_ingr` WRITE;
INSERT INTO `rec_ingr` VALUES (1,313,0,'a lot'),(1,723,30,''),(1,735,640,''),(2,311,0,'a lot'),(2,326,0,'a lot'),(2,342,0,'medium'),(3,311,0,'a lot'),(3,373,960,''),(3,668,0,'little'),(3,785,180,''),(3,823,950,''),(4,347,770,''),(4,348,0,'medium'),(4,456,250,''),(4,481,820,''),(4,642,680,''),(4,684,0,'medium'),(4,723,420,''),(4,871,980,''),(4,875,650,''),(4,998,730,''),(5,230,0,'a lot'),(5,365,0,'a lot'),(5,535,270,''),(5,668,810,''),(5,747,0,'little'),(5,850,0,'a lot'),(6,111,750,''),(6,187,0,'little'),(6,342,860,''),(6,564,70,''),(6,778,0,'a lot'),(7,332,0,'little'),(7,528,0,'a lot'),(7,719,840,''),(7,785,0,'a lot'),(7,821,0,'a lot'),(7,972,0,'medium'),(8,340,0,'a lot'),(8,456,600,''),(8,723,0,'medium'),(8,998,0,'a lot'),(10,272,930,''),(10,296,0,'a lot'),(10,365,0,'little'),(10,509,870,''),(10,564,0,'a lot'),(10,572,0,'little'),(10,881,910,''),(10,953,580,''),(11,133,0,'a lot'),(11,350,320,''),(11,509,0,'a lot'),(11,642,160,''),(11,778,110,''),(11,856,0,'medium'),(11,953,740,''),(12,249,910,''),(12,272,710,''),(12,296,0,'little'),(12,313,800,''),(12,342,0,'a lot'),(12,347,240,''),(12,419,570,''),(12,684,740,''),(13,187,330,''),(13,348,30,''),(13,629,0,'a lot'),(13,875,640,''),(14,342,0,'little'),(14,642,550,''),(14,747,0,'little'),(14,778,0,'medium'),(14,850,0,'a lot'),(14,953,0,'medium'),(15,821,0,'a lot'),(16,417,0,'medium'),(16,461,190,''),(16,735,0,'a lot'),(17,133,0,'medium'),(17,151,150,''),(17,175,0,'medium'),(17,331,0,'a lot'),(17,821,600,''),(18,331,0,'a lot'),(18,340,0,'little'),(18,403,0,'medium'),(18,523,480,''),(18,528,820,''),(18,629,0,'medium'),(18,819,0,'medium'),(18,946,0,'a lot'),(18,963,170,''),(19,249,230,''),(19,481,0,'little'),(19,932,0,'a lot'),(20,111,0,'little'),(20,225,0,'a lot'),(20,723,0,'a lot'),(20,743,420,''),(20,930,730,''),(21,391,0,'a lot'),(21,564,0,'medium'),(21,629,0,'a lot'),(21,747,810,''),(21,762,0,'a lot'),(21,819,120,''),(21,927,150,''),(22,175,210,''),(22,249,210,''),(22,365,420,''),(22,785,0,'medium'),(22,933,0,'little'),(23,362,0,'medium'),(23,481,0,'a lot'),(23,593,0,'medium'),(23,679,310,''),(23,723,0,'a lot'),(23,933,690,''),(24,181,0,'medium'),(24,391,0,'a lot'),(24,461,870,''),(24,523,0,'a lot'),(24,684,0,'little'),(24,762,440,''),(24,808,580,''),(24,946,0,'little'),(24,983,990,''),(25,311,770,''),(25,326,670,''),(25,481,510,''),(25,821,0,'little'),(26,412,0,'little'),(26,480,0,'medium'),(26,564,0,'a lot'),(26,875,510,''),(27,553,790,''),(27,796,0,'a lot'),(28,111,0,'medium'),(28,190,450,''),(28,244,0,'a lot'),(28,419,0,'little'),(28,473,0,'medium'),(30,417,200,''),(30,456,0,'little'),(30,785,0,'a lot'),(30,861,0,'little'),(30,953,830,''),(31,175,0,'medium'),(31,347,0,'medium'),(31,403,700,''),(31,668,950,''),(31,723,410,''),(32,340,540,''),(32,496,90,''),(32,553,0,'medium'),(32,932,0,'little'),(32,963,370,''),(33,187,0,'medium'),(33,412,340,''),(33,417,0,'little'),(33,593,0,'a lot'),(33,642,0,'a lot'),(33,719,930,''),(33,808,630,''),(33,886,0,'a lot'),(34,127,400,''),(34,331,0,'little'),(34,819,980,''),(35,821,0,'little'),(36,365,0,'little'),(36,373,590,''),(36,553,920,''),(36,569,0,'little'),(36,808,0,'medium'),(36,823,990,''),(36,856,0,'a lot'),(36,871,0,'medium'),(39,327,210,''),(39,433,0,'little'),(39,480,0,'medium'),(39,481,940,''),(39,564,900,''),(39,756,260,''),(40,342,0,'medium'),(40,653,900,''),(41,133,600,''),(41,175,760,''),(41,190,0,'medium'),(41,288,830,''),(41,461,730,''),(41,528,230,''),(41,927,0,'little'),(41,933,0,'little'),(42,127,110,''),(42,271,380,''),(42,481,0,'a lot'),(42,679,200,''),(42,881,0,'a lot'),(43,373,760,''),(43,569,440,''),(43,593,0,'a lot'),(43,796,0,'little'),(43,886,0,'medium'),(44,181,0,'little'),(44,311,0,'a lot'),(44,327,0,'little'),(44,391,0,'a lot'),(44,723,250,''),(44,930,440,''),(45,311,0,'little'),(45,348,0,'medium'),(45,564,70,''),(45,778,0,'medium'),(45,856,30,''),(45,972,0,'medium'),(46,151,650,''),(46,778,140,''),(47,496,0,'medium'),(49,373,200,''),(49,634,0,'a lot'),(49,642,970,''),(49,953,0,'little'),(50,190,0,'a lot'),(50,313,0,'little'),(50,365,0,'little'),(50,668,0,'medium'),(51,244,250,''),(51,348,0,'medium'),(51,564,350,''),(51,823,0,'a lot'),(51,881,0,'medium'),(51,886,70,''),(51,932,640,''),(51,983,590,''),(52,181,0,'a lot'),(52,373,0,'little'),(52,933,0,'medium'),(53,127,0,'a lot'),(53,480,0,'medium'),(53,564,0,'a lot'),(53,821,310,''),(53,886,0,'a lot'),(54,187,50,''),(54,288,0,'a lot'),(54,998,770,''),(55,151,0,'medium'),(55,313,0,'medium'),(55,403,0,'a lot'),(55,653,570,''),(55,785,0,'a lot'),(56,403,150,''),(56,456,850,''),(56,564,0,'medium'),(56,819,470,''),(56,821,160,''),(57,743,0,'little'),(57,930,0,'medium'),(57,933,800,''),(58,187,0,'medium'),(58,190,0,'medium'),(58,480,0,'little'),(59,331,790,''),(59,927,0,'a lot'),(59,983,950,''),(60,133,300,''),(60,327,0,'little'),(60,535,0,'a lot'),(61,181,930,''),(61,296,550,''),(61,313,520,''),(61,326,680,''),(61,481,0,'little'),(61,778,730,''),(62,391,1000,''),(62,875,0,'a lot'),(62,881,550,''),(63,348,0,'a lot'),(63,362,0,'medium'),(63,461,210,''),(63,564,0,'a lot'),(63,653,610,''),(63,778,10,''),(63,875,0,'medium'),(64,244,280,''),(64,271,0,'little'),(64,313,150,''),(64,630,190,''),(65,225,860,''),(65,311,30,''),(65,327,0,'little'),(65,332,0,'a lot'),(65,347,0,'a lot'),(65,850,640,''),(66,653,510,''),(66,823,0,'little'),(67,342,0,'medium'),(67,703,0,'medium'),(67,850,890,''),(69,342,0,'medium'),(69,412,170,''),(69,456,0,'a lot'),(69,564,100,''),(69,930,0,'little'),(70,225,0,'medium'),(70,391,0,'little'),(70,569,750,''),(70,930,0,'little'),(71,151,0,'a lot'),(71,271,220,''),(71,350,0,'medium'),(71,362,970,''),(71,569,90,''),(71,630,0,'a lot'),(72,181,0,'little'),(72,703,580,''),(72,747,0,'a lot'),(73,311,210,''),(73,313,580,''),(73,703,0,'medium'),(73,998,590,''),(74,327,520,''),(74,373,290,''),(74,593,0,'medium'),(74,629,30,''),(74,861,670,''),(75,181,0,'little'),(75,249,0,'medium'),(75,326,540,''),(75,481,560,''),(75,778,0,'little'),(76,151,100,''),(76,296,180,''),(76,403,600,''),(76,473,0,'a lot'),(77,288,690,''),(77,634,0,'a lot'),(77,653,220,''),(78,249,0,'a lot'),(78,327,0,'little'),(78,456,470,''),(78,703,0,'little'),(78,756,0,'a lot'),(79,528,0,'medium'),(79,553,300,''),(79,856,810,''),(80,340,340,''),(80,419,140,''),(80,456,0,'little'),(80,496,0,'little'),(80,630,540,''),(80,642,870,''),(80,933,780,''),(81,296,780,''),(81,311,0,'a lot'),(81,391,0,'medium'),(81,412,460,''),(81,419,310,''),(81,564,590,''),(81,886,0,'medium'),(81,933,0,'a lot'),(82,593,0,'little'),(82,735,0,'medium'),(83,249,430,''),(83,340,0,'medium'),(83,365,890,''),(83,480,0,'a lot'),(83,735,320,''),(83,762,910,''),(83,796,40,''),(84,630,0,'a lot'),(84,653,610,''),(84,804,180,''),(85,553,740,''),(85,756,0,'a lot'),(85,823,980,''),(86,271,0,'medium'),(86,348,20,''),(86,723,0,'medium'),(86,747,0,'little'),(86,796,0,'medium'),(86,963,660,''),(87,327,80,''),(87,340,670,''),(87,350,720,''),(87,509,0,'medium'),(87,642,0,'a lot'),(87,747,760,''),(87,983,710,''),(88,254,840,''),(88,296,1000,''),(88,311,0,'little'),(88,373,610,''),(88,629,220,''),(88,983,210,''),(89,225,0,'a lot'),(89,342,270,''),(89,355,0,'little'),(89,417,150,''),(89,630,10,''),(89,747,0,'little'),(89,932,0,'a lot'),(90,133,0,'little'),(90,288,580,''),(90,327,0,'a lot'),(91,151,600,''),(91,433,0,'medium'),(91,808,0,'little'),(91,972,190,''),(91,998,680,''),(92,313,1000,''),(92,348,320,''),(92,365,300,''),(92,856,0,'little'),(93,461,0,'a lot'),(93,593,0,'little'),(93,756,0,'little'),(93,785,0,'a lot'),(94,133,0,'a lot'),(94,327,0,'a lot'),(94,535,0,'a lot'),(94,601,0,'medium'),(94,881,0,'a lot'),(94,963,80,''),(94,983,380,''),(95,175,350,''),(95,342,550,''),(95,496,0,'medium'),(96,151,860,''),(96,350,30,''),(96,509,0,'a lot'),(96,528,0,'little'),(96,703,0,'a lot'),(96,723,530,''),(96,804,400,''),(96,850,790,''),(96,932,230,''),(97,133,0,'a lot'),(97,348,0,'medium'),(97,350,440,''),(97,403,360,''),(97,762,0,'a lot'),(98,230,150,''),(98,355,0,'a lot'),(98,373,730,''),(98,819,0,'little'),(98,933,620,''),(99,362,750,''),(99,373,970,''),(99,535,810,''),(99,564,190,''),(99,630,260,''),(99,804,70,''),(100,288,0,'a lot'),(100,355,170,''),(100,630,0,'medium');
UNLOCK TABLES;

LOCK TABLES `nutrition_info` WRITE;
INSERT INTO `nutrition_info` VALUES (1,9,9,6,2178),(2,15,37,71,0),(3,26,59,82,10704),(4,59,98,42,13812),(5,33,40,55,3787),(6,13,78,72,5230),(7,44,87,86,332),(8,19,49,6,1407),(10,29,34,58,14709),(11,34,69,7,1830),(12,14,73,85,7106),(13,20,100,85,1556),(14,39,66,29,930),(15,80,4,81,0),(16,26,100,55,184),(17,47,85,4,2558),(18,20,43,19,3656),(19,64,96,27,422),(20,3,96,12,1760),(21,36,54,78,1443),(22,34,86,82,2793),(23,32,82,73,926),(24,100,51,64,2578),(25,75,14,73,14566),(26,10,3,79,918),(27,17,34,22,3247),(28,60,43,45,194),(30,71,57,8,2414),(31,60,82,5,2401),(32,17,94,57,1581),(33,99,82,92,2801),(34,80,53,33,3229),(35,3,90,80,0),(36,48,51,98,3233),(39,16,3,93,3840),(40,91,34,53,765),(41,63,31,62,12488),(42,96,91,11,1246),(43,56,77,23,1506),(44,90,2,94,1013),(45,5,62,23,265),(46,42,39,68,899),(47,100,82,26,0),(49,96,81,66,2733),(50,99,21,2,0),(51,89,48,5,2918),(52,53,73,82,0),(53,30,50,95,754),(54,36,26,76,1396),(55,9,22,2,485),(56,54,90,53,2397),(57,57,92,15,291),(58,63,47,55,0),(59,66,28,83,1720),(60,19,3,80,606),(61,60,80,86,3706),(62,8,97,34,7703),(63,6,4,52,558),(64,55,58,75,1192),(65,4,97,25,7497),(66,2,63,55,217),(67,29,78,32,3449),(69,67,45,25,1402),(70,98,88,82,2240),(71,65,74,39,3150),(72,8,48,1,3898),(73,99,2,36,1688),(74,27,95,68,4463),(75,45,22,23,2634),(76,28,15,100,686),(77,63,37,55,953),(78,92,55,56,551),(79,38,53,59,4193),(80,27,30,78,7194),(81,85,50,95,4365),(82,1,21,79,0),(83,63,36,43,10484),(84,76,72,8,355),(85,87,95,58,5250),(86,24,39,27,4247),(87,78,38,3,7454),(88,63,52,94,6142),(89,100,99,37,707),(90,82,97,63,1288),(91,60,13,4,1671),(92,22,65,77,5487),(93,4,67,37,0),(94,3,66,48,1258),(95,92,34,5,3511),(96,78,51,22,5476),(97,90,54,23,657),(98,54,91,70,3473),(99,75,67,97,8367),(100,54,12,6,152);
UNLOCK TABLES;


LOCK TABLES `rec_chef` WRITE;
INSERT INTO `rec_chef` VALUES (2,1),(4,1),(5,1),(6,1),(7,1),(8,1),(10,1),(11,1),(13,1),(14,1),(15,1),(16,1),(21,1),(22,1),(26,1),(27,1),(29,1),(30,1),(37,1),(38,1),(41,1),(42,1),(43,1),(44,1),(47,1),(2,2),(3,2),(5,2),(6,2),(7,2),(9,2),(10,2),(14,2),(15,2),(16,2),(19,2),(20,2),(23,2),(26,2),(29,2),(31,2),(35,2),(36,2),(39,2),(40,2),(42,2),(44,2),(45,2),(46,2),(50,2),(3,3),(6,3),(8,3),(10,3),(12,3),(13,3),(14,3),(15,3),(16,3),(17,3),(20,3),(21,3),(26,3),(27,3),(29,3),(36,3),(37,3),(38,3),(41,3),(42,3),(44,3),(47,3),(4,4),(5,4),(6,4),(7,4),(9,4),(10,4),(12,4),(13,4),(14,4),(15,4),(16,4),(17,4),(18,4),(23,4),(26,4),(29,4),(30,4),(32,4),(37,4),(41,4),(42,4),(48,4),(49,4),(50,4),(4,5),(5,5),(6,5),(8,5),(9,5),(13,5),(14,5),(15,5),(16,5),(21,5),(23,5),(26,5),(27,5),(29,5),(33,5),(35,5),(37,5),(38,5),(41,5),(42,5),(44,5),(46,5),(47,5),(49,5),(4,6),(6,6),(8,6),(9,6),(11,6),(15,6),(16,6),(17,6),(19,6),(20,6),(22,6),(23,6),(24,6),(27,6),(29,6),(30,6),(31,6),(33,6),(36,6),(37,6),(46,6),(47,6),(48,6),(49,6),(4,7),(5,7),(7,7),(8,7),(11,7),(12,7),(19,7),(20,7),(21,7),(22,7),(24,7),(26,7),(28,7),(31,7),(35,7),(37,7),(40,7),(41,7),(48,7),(50,7),(2,8),(5,8),(6,8),(9,8),(11,8),(12,8),(13,8),(15,8),(16,8),(17,8),(20,8),(21,8),(22,8),(24,8),(26,8),(29,8),(30,8),(31,8),(32,8),(33,8),(35,8),(36,8),(37,8),(41,8),(43,8),(44,8),(45,8),(46,8),(48,8),(49,8),(50,8),(3,10),(5,10),(6,10),(7,10),(9,10),(10,10),(13,10),(14,10),(15,10),(16,10),(18,10),(19,10),(20,10),(23,10),(26,10),(27,10),(28,10),(29,10),(31,10),(33,10),(35,10),(36,10),(37,10),(40,10),(41,10),(42,10),(48,10),(2,11),(5,11),(6,11),(8,11),(11,11),(12,11),(13,11),(15,11),(16,11),(17,11),(19,11),(20,11),(21,11),(22,11),(24,11),(27,11),(29,11),(30,11),(31,11),(32,11),(33,11),(36,11),(41,11),(43,11),(44,11),(45,11),(46,11),(47,11),(48,11),(49,11),(3,12),(5,12),(6,12),(8,12),(10,12),(12,12),(13,12),(15,12),(16,12),(18,12),(19,12),(20,12),(21,12),(27,12),(28,12),(31,12),(32,12),(33,12),(35,12),(36,12),(37,12),(40,12),(41,12),(44,12),(46,12),(47,12),(48,12),(49,12),(4,13),(5,13),(7,13),(9,13),(10,13),(14,13),(16,13),(19,13),(23,13),(26,13),(29,13),(31,13),(32,13),(36,13),(37,13),(39,13),(40,13),(42,13),(44,13),(45,13),(47,13),(4,14),(6,14),(7,14),(8,14),(11,14),(15,14),(16,14),(19,14),(20,14),(22,14),(24,14),(26,14),(27,14),(29,14),(31,14),(33,14),(36,14),(37,14),(41,14),(46,14),(47,14),(48,14),(49,14),(50,14),(3,15),(5,15),(6,15),(8,15),(9,15),(10,15),(12,15),(15,15),(17,15),(20,15),(28,15),(29,15),(36,15),(37,15),(38,15),(44,15),(47,15),(2,16),(3,16),(4,16),(6,16),(7,16),(10,16),(11,16),(12,16),(13,16),(14,16),(15,16),(16,16),(18,16),(19,16),(20,16),(22,16),(23,16),(24,16),(27,16),(28,16),(31,16),(33,16),(35,16),(36,16),(37,16),(39,16),(40,16),(41,16),(42,16),(43,16),(44,16),(46,16),(48,16),(49,16),(3,17),(6,17),(7,17),(8,17),(9,17),(11,17),(12,17),(13,17),(15,17),(16,17),(17,17),(19,17),(20,17),(21,17),(22,17),(24,17),(26,17),(27,17),(29,17),(30,17),(31,17),(32,17),(33,17),(36,17),(38,17),(39,17),(46,17),(47,17),(48,17),(49,17),(50,17),(2,18),(3,18),(6,18),(9,18),(10,18),(13,18),(15,18),(16,18),(18,18),(19,18),(20,18),(27,18),(28,18),(31,18),(33,18),(35,18),(36,18),(37,18),(39,18),(40,18),(41,18),(42,18),(44,18),(45,18),(46,18),(48,18),(50,18),(3,19),(4,19),(5,19),(6,19),(9,19),(12,19),(14,19),(16,19),(20,19),(26,19),(28,19),(31,19),(32,19),(36,19),(37,19),(39,19),(44,19),(45,19),(47,19),(6,20),(8,20),(11,20),(13,20),(14,20),(15,20),(16,20),(19,20),(20,20),(21,20),(22,20),(24,20),(26,20),(27,20),(29,20),(31,20),(33,20),(36,20),(37,20),(38,20),(41,20),(42,20),(44,20),(46,20),(47,20),(48,20),(49,20),(2,21),(3,21),(5,21),(6,21),(8,21),(9,21),(11,21),(12,21),(13,21),(15,21),(16,21),(17,21),(19,21),(21,21),(22,21),(23,21),(26,21),(29,21),(30,21),(31,21),(32,21),(33,21),(35,21),(36,21),(39,21),(40,21),(41,21),(43,21),(44,21),(45,21),(46,21),(48,21),(49,21),(4,22),(6,22),(7,22),(8,22),(11,22),(12,22),(13,22),(15,22),(16,22),(19,22),(20,22),(22,22),(24,22),(26,22),(27,22),(29,22),(30,22),(31,22),(32,22),(33,22),(36,22),(37,22),(38,22),(43,22),(46,22),(47,22),(48,22),(49,22),(2,23),(3,23),(4,23),(5,23),(6,23),(8,23),(10,23),(12,23),(13,23),(14,23),(15,23),(16,23),(18,23),(19,23),(20,23),(22,23),(27,23),(28,23),(30,23),(31,23),(33,23),(35,23),(36,23),(37,23),(40,23),(41,23),(44,23),(48,23),(3,24),(7,24),(8,24),(10,24),(11,24),(12,24),(15,24),(17,24),(19,24),(20,24),(21,24),(22,24),(23,24),(24,24),(29,24),(30,24),(31,24),(32,24),(33,24),(36,24),(37,24),(38,24),(41,24),(47,24),(50,24),(3,25),(4,25),(5,25),(6,25),(7,25),(10,25),(11,25),(13,25),(15,25),(18,25),(19,25),(20,25),(27,25),(28,25),(30,25),(31,25),(32,25),(33,25),(35,25),(36,25),(37,25),(38,25),(39,25),(40,25),(41,25),(42,25),(46,25),(48,25),(4,26),(7,26),(8,26),(11,26),(12,26),(13,26),(19,26),(20,26),(22,26),(24,26),(26,26),(27,26),(28,26),(29,26),(33,26),(35,26),(36,26),(37,26),(41,26),(45,26),(47,26),(48,26),(49,26),(50,26),(4,27),(5,27),(7,27),(8,27),(11,27),(15,27),(16,27),(17,27),(19,27),(20,27),(22,27),(23,27),(24,27),(26,27),(29,27),(37,27),(40,27),(41,27),(43,27),(44,27),(46,27),(49,27),(50,27),(2,28),(3,28),(4,28),(6,28),(8,28),(9,28),(11,28),(12,28),(13,28),(15,28),(16,28),(17,28),(18,28),(19,28),(20,28),(22,28),(24,28),(27,28),(29,28),(31,28),(33,28),(35,28),(36,28),(38,28),(39,28),(45,28),(46,28),(47,28),(48,28),(49,28),(50,28),(3,30),(6,30),(7,30),(8,30),(9,30),(12,30),(13,30),(16,30),(17,30),(18,30),(19,30),(20,30),(21,30),(22,30),(26,30),(27,30),(29,30),(30,30),(31,30),(32,30),(33,30),(35,30),(38,30),(39,30),(40,30),(41,30),(43,30),(45,30),(48,30),(50,30),(2,31),(4,31),(5,31),(6,31),(7,31),(8,31),(10,31),(12,31),(13,31),(14,31),(15,31),(16,31),(18,31),(19,31),(20,31),(21,31),(26,31),(29,31),(31,31),(32,31),(39,31),(40,31),(41,31),(42,31),(48,31),(50,31),(2,32),(5,32),(7,32),(9,32),(10,32),(13,32),(14,32),(16,32),(17,32),(19,32),(20,32),(22,32),(23,32),(26,32),(27,32),(29,32),(31,32),(35,32),(36,32),(40,32),(42,32),(45,32),(46,32),(2,33),(3,33),(4,33),(5,33),(7,33),(9,33),(10,33),(11,33),(14,33),(15,33),(16,33),(19,33),(22,33),(24,33),(29,33),(30,33),(37,33),(40,33),(42,33),(43,33),(50,33),(5,34),(9,34),(11,34),(12,34),(14,34),(19,34),(20,34),(21,34),(22,34),(24,34),(26,34),(28,34),(29,34),(31,34),(32,34),(33,34),(35,34),(39,34),(40,34),(41,34),(43,34),(48,34),(49,34),(50,34),(2,35),(3,35),(4,35),(5,35),(6,35),(11,35),(12,35),(13,35),(14,35),(15,35),(16,35),(17,35),(18,35),(21,35),(22,35),(28,35),(29,35),(30,35),(31,35),(32,35),(33,35),(36,35),(39,35),(40,35),(41,35),(43,35),(44,35),(45,35),(46,35),(48,35),(49,35),(2,36),(3,36),(4,36),(7,36),(11,36),(12,36),(13,36),(14,36),(15,36),(16,36),(19,36),(20,36),(21,36),(22,36),(23,36),(24,36),(28,36),(29,36),(36,36),(38,36),(39,36),(41,36),(42,36),(43,36),(44,36),(46,36),(48,36),(49,36),(2,39),(3,39),(5,39),(7,39),(9,39),(12,39),(13,39),(17,39),(20,39),(21,39),(23,39),(24,39),(26,39),(30,39),(32,39),(35,39),(36,39),(37,39),(39,39),(44,39),(45,39),(46,39),(48,39),(49,39),(50,39),(7,40),(9,40),(11,40),(12,40),(18,40),(20,40),(21,40),(22,40),(24,40),(26,40),(28,40),(30,40),(32,40),(35,40),(36,40),(37,40),(40,40),(42,40),(45,40),(46,40),(48,40),(49,40),(50,40),(2,41),(5,41),(6,41),(8,41),(11,41),(15,41),(16,41),(19,41),(20,41),(22,41),(24,41),(26,41),(27,41),(29,41),(31,41),(32,41),(33,41),(36,41),(37,41),(39,41),(40,41),(43,41),(44,41),(46,41),(47,41),(48,41),(49,41),(50,41),(2,42),(3,42),(4,42),(7,42),(8,42),(14,42),(15,42),(16,42),(19,42),(20,42),(21,42),(22,42),(23,42),(26,42),(30,42),(31,42),(32,42),(36,42),(37,42),(39,42),(41,42),(43,42),(44,42),(45,42),(47,42),(48,42),(49,42),(2,43),(3,43),(5,43),(6,43),(11,43),(12,43),(13,43),(14,43),(15,43),(16,43),(17,43),(21,43),(22,43),(23,43),(29,43),(30,43),(31,43),(32,43),(33,43),(36,43),(41,43),(43,43),(44,43),(45,43),(46,43),(47,43),(48,43),(49,43),(4,44),(5,44),(6,44),(8,44),(11,44),(13,44),(14,44),(15,44),(17,44),(18,44),(20,44),(21,44),(24,44),(28,44),(30,44),(32,44),(33,44),(35,44),(36,44),(39,44),(40,44),(41,44),(44,44),(45,44),(47,44),(49,44),(50,44),(2,45),(3,45),(4,45),(11,45),(14,45),(16,45),(17,45),(21,45),(26,45),(29,45),(31,45),(32,45),(33,45),(35,45),(36,45),(37,45),(39,45),(44,45),(45,45),(47,45),(48,45),(49,45),(3,46),(6,46),(7,46),(8,46),(13,46),(14,46),(15,46),(16,46),(20,46),(21,46),(22,46),(26,46),(27,46),(31,46),(37,46),(38,46),(41,46),(42,46),(44,46),(46,46),(47,46),(49,46),(3,47),(4,47),(5,47),(9,47),(11,47),(14,47),(15,47),(16,47),(17,47),(23,47),(24,47),(27,47),(28,47),(29,47),(30,47),(32,47),(33,47),(35,47),(37,47),(41,47),(42,47),(44,47),(45,47),(46,47),(47,47),(49,47),(4,49),(5,49),(6,49),(8,49),(9,49),(10,49),(12,49),(13,49),(15,49),(16,49),(18,49),(21,49),(24,49),(26,49),(29,49),(30,49),(31,49),(32,49),(35,49),(37,49),(38,49),(42,49),(44,49),(45,49),(46,49),(47,49),(49,49),(50,49),(2,50),(3,50),(5,50),(6,50),(11,50),(12,50),(13,50),(14,50),(15,50),(16,50),(17,50),(19,50),(20,50),(21,50),(22,50),(23,50),(24,50),(29,50),(30,50),(31,50),(32,50),(33,50),(36,50),(40,50),(41,50),(43,50),(44,50),(45,50),(46,50),(48,50),(49,50),(2,51),(3,51),(4,51),(6,51),(7,51),(8,51),(9,51),(10,51),(11,51),(12,51),(14,51),(16,51),(17,51),(20,51),(21,51),(22,51),(23,51),(24,51),(28,51),(29,51),(30,51),(33,51),(39,51),(41,51),(42,51),(43,51),(44,51),(46,51),(48,51),(49,51),(3,52),(4,52),(5,52),(6,52),(7,52),(9,52),(11,52),(13,52),(16,52),(17,52),(21,52),(23,52),(24,52),(27,52),(29,52),(30,52),(33,52),(35,52),(36,52),(37,52),(38,52),(40,52),(42,52),(43,52),(45,52),(46,52),(47,52),(49,52),(5,53),(6,53),(7,53),(8,53),(10,53),(11,53),(12,53),(13,53),(15,53),(16,53),(21,53),(31,53),(32,53),(35,53),(37,53),(38,53),(39,53),(44,53),(45,53),(46,53),(47,53),(49,53),(2,54),(3,54),(5,54),(6,54),(9,54),(10,54),(11,54),(13,54),(15,54),(17,54),(18,54),(19,54),(20,54),(21,54),(22,54),(24,54),(27,54),(28,54),(31,54),(33,54),(35,54),(36,54),(37,54),(38,54),(39,54),(40,54),(41,54),(43,54),(44,54),(48,54),(3,55),(5,55),(7,55),(9,55),(10,55),(13,55),(14,55),(16,55),(19,55),(23,55),(26,55),(27,55),(29,55),(33,55),(36,55),(40,55),(41,55),(42,55),(45,55),(46,55),(50,55),(2,56),(4,56),(6,56),(8,56),(11,56),(13,56),(14,56),(15,56),(16,56),(17,56),(19,56),(20,56),(21,56),(22,56),(24,56),(27,56),(29,56),(31,56),(33,56),(36,56),(38,56),(39,56),(44,56),(46,56),(47,56),(48,56),(49,56),(5,57),(7,57),(9,57),(10,57),(11,57),(13,57),(14,57),(15,57),(16,57),(19,57),(22,57),(23,57),(24,57),(26,57),(28,57),(29,57),(30,57),(32,57),(33,57),(35,57),(38,57),(40,57),(42,57),(47,57),(48,57),(5,58),(7,58),(9,58),(10,58),(14,58),(16,58),(18,58),(19,58),(23,58),(26,58),(29,58),(31,58),(32,58),(40,58),(42,58),(45,58),(46,58),(4,59),(5,59),(14,59),(16,59),(18,59),(21,59),(23,59),(24,59),(26,59),(28,59),(31,59),(32,59),(33,59),(36,59),(37,59),(39,59),(40,59),(44,59),(45,59),(47,59),(48,59),(49,59),(2,60),(3,60),(5,60),(6,60),(9,60),(10,60),(11,60),(12,60),(13,60),(14,60),(15,60),(16,60),(17,60),(18,60),(19,60),(20,60),(21,60),(24,60),(28,60),(29,60),(31,60),(35,60),(36,60),(38,60),(39,60),(41,60),(42,60),(43,60),(44,60),(45,60),(46,60),(47,60),(48,60),(49,60),(50,60),(4,61),(8,61),(9,61),(12,61),(14,61),(19,61),(20,61),(21,61),(24,61),(26,61),(30,61),(32,61),(33,61),(35,61),(36,61),(37,61),(39,61),(41,61),(43,61),(45,61),(46,61),(48,61),(49,61),(50,61),(3,62),(5,62),(6,62),(7,62),(8,62),(10,62),(12,62),(13,62),(14,62),(15,62),(16,62),(18,62),(19,62),(20,62),(21,62),(22,62),(27,62),(28,62),(31,62),(33,62),(35,62),(36,62),(37,62),(38,62),(40,62),(41,62),(42,62),(47,62),(48,62),(49,62),(4,63),(5,63),(9,63),(11,63),(12,63),(14,63),(15,63),(17,63),(21,63),(22,63),(23,63),(24,63),(26,63),(29,63),(30,63),(31,63),(33,63),(35,63),(38,63),(42,63),(44,63),(45,63),(46,63),(47,63),(48,63),(49,63),(2,64),(3,64),(5,64),(6,64),(7,64),(8,64),(10,64),(11,64),(12,64),(13,64),(14,64),(15,64),(16,64),(18,64),(19,64),(20,64),(21,64),(26,64),(27,64),(29,64),(30,64),(32,64),(37,64),(39,64),(40,64),(41,64),(42,64),(44,64),(47,64),(48,64),(49,64),(50,64),(2,65),(3,65),(4,65),(5,65),(7,65),(8,65),(9,65),(10,65),(11,65),(14,65),(16,65),(19,65),(22,65),(23,65),(24,65),(27,65),(28,65),(29,65),(30,65),(36,65),(43,65),(44,65),(45,65),(46,65),(48,65),(50,65),(3,66),(6,66),(8,66),(10,66),(11,66),(13,66),(14,66),(15,66),(16,66),(18,66),(19,66),(20,66),(23,66),(27,66),(28,66),(31,66),(33,66),(35,66),(36,66),(37,66),(38,66),(40,66),(41,66),(43,66),(47,66),(48,66),(2,67),(5,67),(6,67),(8,67),(9,67),(10,67),(11,67),(12,67),(14,67),(15,67),(16,67),(17,67),(19,67),(20,67),(21,67),(29,67),(31,67),(32,67),(33,67),(35,67),(37,67),(39,67),(40,67),(44,67),(46,67),(47,67),(48,67),(49,67),(4,69),(6,69),(8,69),(9,69),(12,69),(14,69),(16,69),(21,69),(26,69),(29,69),(31,69),(32,69),(36,69),(37,69),(38,69),(39,69),(40,69),(42,69),(44,69),(45,69),(47,69),(49,69),(2,70),(3,70),(8,70),(10,70),(11,70),(12,70),(15,70),(16,70),(17,70),(20,70),(22,70),(26,70),(27,70),(29,70),(32,70),(36,70),(37,70),(38,70),(41,70),(47,70),(48,70),(2,71),(4,71),(5,71),(7,71),(10,71),(11,71),(12,71),(14,71),(16,71),(17,71),(19,71),(21,71),(22,71),(24,71),(28,71),(29,71),(30,71),(35,71),(36,71),(37,71),(38,71),(43,71),(47,71),(48,71),(50,71),(4,72),(5,72),(7,72),(8,72),(9,72),(11,72),(12,72),(17,72),(19,72),(20,72),(22,72),(23,72),(24,72),(26,72),(29,72),(31,72),(37,72),(39,72),(41,72),(44,72),(50,72),(4,73),(5,73),(6,73),(8,73),(10,73),(12,73),(14,73),(16,73),(17,73),(18,73),(19,73),(20,73),(21,73),(24,73),(28,73),(30,73),(32,73),(33,73),(35,73),(36,73),(39,73),(40,73),(43,73),(45,73),(47,73),(48,73),(49,73),(50,73),(2,74),(4,74),(5,74),(6,74),(7,74),(9,74),(10,74),(12,74),(13,74),(14,74),(16,74),(18,74),(19,74),(23,74),(26,74),(29,74),(30,74),(31,74),(35,74),(36,74),(40,74),(42,74),(45,74),(49,74),(50,74),(3,75),(6,75),(7,75),(8,75),(10,75),(11,75),(12,75),(15,75),(17,75),(20,75),(29,75),(30,75),(31,75),(32,75),(36,75),(37,75),(38,75),(39,75),(40,75),(42,75),(44,75),(47,75),(48,75),(49,75),(2,76),(4,76),(5,76),(7,76),(9,76),(10,76),(11,76),(14,76),(16,76),(19,76),(22,76),(24,76),(29,76),(30,76),(38,76),(43,76),(50,76),(3,77),(5,77),(6,77),(7,77),(9,77),(12,77),(18,77),(20,77),(21,77),(23,77),(28,77),(30,77),(31,77),(33,77),(36,77),(37,77),(44,77),(45,77),(47,77),(2,78),(3,78),(6,78),(7,78),(8,78),(9,78),(10,78),(15,78),(16,78),(18,78),(19,78),(20,78),(23,78),(31,78),(35,78),(36,78),(39,78),(41,78),(42,78),(43,78),(44,78),(45,78),(46,78),(49,78),(50,78),(5,79),(6,79),(7,79),(10,79),(12,79),(13,79),(14,79),(15,79),(16,79),(18,79),(26,79),(27,79),(29,79),(30,79),(32,79),(33,79),(38,79),(41,79),(42,79),(48,79),(50,79),(5,80),(6,80),(7,80),(8,80),(10,80),(12,80),(13,80),(14,80),(15,80),(16,80),(18,80),(21,80),(22,80),(26,80),(32,80),(36,80),(38,80),(41,80),(42,80),(44,80),(48,80),(49,80),(50,80),(2,81),(3,81),(4,81),(7,81),(8,81),(10,81),(11,81),(12,81),(13,81),(14,81),(16,81),(19,81),(20,81),(22,81),(23,81),(24,81),(26,81),(27,81),(28,81),(30,81),(33,81),(35,81),(37,81),(38,81),(41,81),(42,81),(45,81),(50,81),(4,82),(5,82),(7,82),(9,82),(12,82),(15,82),(20,82),(21,82),(24,82),(26,82),(27,82),(30,82),(31,82),(32,82),(33,82),(35,82),(36,82),(37,82),(45,82),(46,82),(48,82),(49,82),(50,82),(2,83),(5,83),(6,83),(8,83),(10,83),(11,83),(13,83),(15,83),(16,83),(19,83),(20,83),(21,83),(22,83),(24,83),(26,83),(27,83),(29,83),(30,83),(31,83),(33,83),(36,83),(43,83),(45,83),(46,83),(47,83),(48,83),(49,83),(2,84),(3,84),(5,84),(6,84),(8,84),(9,84),(11,84),(12,84),(13,84),(15,84),(16,84),(17,84),(18,84),(20,84),(21,84),(22,84),(23,84),(29,84),(30,84),(31,84),(32,84),(33,84),(36,84),(39,84),(41,84),(42,84),(43,84),(44,84),(45,84),(46,84),(48,84),(49,84),(4,85),(5,85),(8,85),(10,85),(12,85),(15,85),(16,85),(17,85),(19,85),(20,85),(21,85),(23,85),(24,85),(31,85),(32,85),(33,85),(35,85),(40,85),(43,85),(44,85),(46,85),(47,85),(48,85),(49,85),(2,86),(3,86),(4,86),(5,86),(6,86),(10,86),(11,86),(12,86),(13,86),(14,86),(15,86),(16,86),(17,86),(20,86),(21,86),(22,86),(27,86),(29,86),(30,86),(31,86),(32,86),(33,86),(35,86),(36,86),(41,86),(43,86),(44,86),(45,86),(46,86),(48,86),(49,86),(5,87),(6,87),(7,87),(9,87),(10,87),(11,87),(12,87),(13,87),(14,87),(15,87),(16,87),(17,87),(18,87),(26,87),(27,87),(29,87),(32,87),(33,87),(36,87),(38,87),(41,87),(42,87),(43,87),(45,87),(46,87),(47,87),(48,87),(50,87),(2,88),(5,88),(7,88),(11,88),(12,88),(13,88),(15,88),(16,88),(18,88),(19,88),(20,88),(21,88),(22,88),(23,88),(24,88),(26,88),(28,88),(29,88),(30,88),(31,88),(32,88),(35,88),(37,88),(40,88),(41,88),(42,88),(46,88),(48,88),(49,88),(50,88),(4,89),(5,89),(6,89),(7,89),(9,89),(15,89),(16,89),(17,89),(18,89),(20,89),(23,89),(24,89),(29,89),(30,89),(35,89),(36,89),(37,89),(40,89),(42,89),(43,89),(44,89),(47,89),(49,89),(50,89),(3,90),(6,90),(10,90),(11,90),(13,90),(15,90),(18,90),(19,90),(20,90),(21,90),(24,90),(26,90),(27,90),(28,90),(30,90),(31,90),(32,90),(33,90),(35,90),(36,90),(37,90),(40,90),(41,90),(42,90),(48,90),(4,91),(5,91),(7,91),(8,91),(9,91),(10,91),(12,91),(13,91),(14,91),(15,91),(16,91),(19,91),(20,91),(21,91),(23,91),(24,91),(26,91),(31,91),(32,91),(35,91),(40,91),(43,91),(44,91),(46,91),(47,91),(49,91),(4,92),(5,92),(8,92),(9,92),(12,92),(16,92),(17,92),(19,92),(20,92),(21,92),(26,92),(28,92),(30,92),(31,92),(32,92),(35,92),(37,92),(39,92),(40,92),(44,92),(48,92),(50,92),(4,93),(5,93),(10,93),(14,93),(15,93),(16,93),(19,93),(22,93),(23,93),(24,93),(26,93),(28,93),(31,93),(32,93),(33,93),(36,93),(37,93),(39,93),(42,93),(44,93),(45,93),(47,93),(48,93),(49,93),(2,94),(3,94),(5,94),(6,94),(7,94),(9,94),(10,94),(11,94),(12,94),(13,94),(14,94),(15,94),(16,94),(18,94),(22,94),(26,94),(28,94),(29,94),(31,94),(32,94),(33,94),(35,94),(36,94),(40,94),(41,94),(42,94),(45,94),(46,94),(48,94),(50,94),(5,95),(7,95),(12,95),(14,95),(15,95),(16,95),(19,95),(20,95),(21,95),(26,95),(27,95),(28,95),(31,95),(33,95),(35,95),(36,95),(37,95),(38,95),(40,95),(46,95),(47,95),(48,95),(50,95),(2,96),(3,96),(4,96),(7,96),(9,96),(10,96),(11,96),(12,96),(14,96),(16,96),(20,96),(22,96),(23,96),(24,96),(28,96),(29,96),(31,96),(32,96),(33,96),(39,96),(41,96),(42,96),(43,96),(44,96),(46,96),(47,96),(48,96),(49,96),(50,96),(5,97),(8,97),(10,97),(11,97),(12,97),(15,97),(16,97),(18,97),(21,97),(22,97),(27,97),(29,97),(30,97),(31,97),(32,97),(35,97),(38,97),(42,97),(43,97),(44,97),(46,97),(47,97),(49,97),(50,97),(2,98),(3,98),(4,98),(7,98),(8,98),(11,98),(14,98),(16,98),(17,98),(19,98),(20,98),(22,98),(23,98),(24,98),(26,98),(37,98),(38,98),(41,98),(43,98),(50,98),(2,99),(4,99),(5,99),(6,99),(7,99),(10,99),(12,99),(13,99),(14,99),(15,99),(16,99),(17,99),(18,99),(21,99),(26,99),(29,99),(32,99),(41,99),(42,99),(44,99),(45,99),(46,99),(48,99),(49,99),(50,99),(3,100),(6,100),(7,100),(9,100),(12,100),(13,100),(14,100),(17,100),(18,100),(19,100),(21,100),(26,100),(27,100),(29,100),(30,100),(31,100),(32,100),(33,100),(36,100),(38,100),(39,100),(45,100),(50,100);
UNLOCK TABLES;

LOCK TABLES `episodes` WRITE;
INSERT INTO `episodes` VALUES (1,1,1,13,'actually.flac'),(2,1,2,41,'join.xls'),(3,1,3,6,'answer.odp'),(4,1,4,29,'several.wav'),(5,1,5,39,'rock.flac'),(6,1,6,35,'class.jpeg'),(7,1,7,24,'cut.csv'),(8,1,8,37,'firm.wav'),(9,1,9,24,'catch.mp4'),(10,1,10,47,'better.wav'),(11,2,1,30,'wind.json'),(12,2,2,32,'debate.gif'),(13,2,3,12,'dream.numbers'),(14,2,4,14,'catch.jpg'),(15,2,5,5,'brother.odp'),(16,2,6,15,'professor.jpg'),(17,2,7,12,'young.flac'),(18,2,8,37,'find.pptx'),(19,2,9,24,'actually.tiff'),(20,2,10,26,'check.avi'),(21,3,1,4,'red.mp3'),(22,3,2,26,'father.avi'),(23,3,3,24,'pass.pdf'),(24,3,4,43,'hand.tiff'),(25,3,5,36,'piece.mov'),(26,3,6,31,'national.json'),(27,3,7,45,'word.txt'),(28,3,8,13,'right.txt'),(29,3,9,41,'choice.jpeg'),(30,3,10,16,'off.wav'),(31,4,1,43,'last.txt'),(32,4,2,49,'develop.js'),(33,4,3,36,'wish.webm'),(34,4,4,23,'picture.bmp'),(35,4,5,17,'avoid.odp'),(36,4,6,47,'catch.flac'),(37,4,7,39,'brother.jpg'),(38,4,8,47,'history.png'),(39,4,9,44,'consumer.wav'),(40,4,10,46,'outside.xlsx'),(41,5,1,12,'hotel.webm'),(42,5,2,18,'often.mov'),(43,5,3,15,'draw.xlsx'),(44,5,4,39,'nature.csv'),(45,5,5,4,'paper.ods'),(46,5,6,4,'lay.tiff'),(47,5,7,37,'tree.csv'),(48,5,8,28,'wind.json'),(49,5,9,5,'reason.jpg'),(50,5,10,19,'seat.js'),(51,6,1,45,'certain.mp3'),(52,6,2,4,'course.mp3'),(53,6,3,26,'guy.png'),(54,6,4,21,'money.odt'),(55,6,5,6,'shake.wav'),(56,6,6,11,'daughter.mp4'),(57,6,7,17,'appear.pptx'),(58,6,8,44,'affect.flac'),(59,6,9,31,'long.flac'),(60,6,10,47,'another.odt');
UNLOCK TABLES;



LOCK TABLES `rec_gear` WRITE;
INSERT INTO `rec_gear` VALUES (5,1),(10,1),(13,1),(14,1),(27,1),(31,1),(34,1),(53,1),(59,1),(60,1),(61,1),(63,1),(73,1),(82,1),(97,1),(100,1),(4,2),(6,2),(8,2),(11,2),(14,2),(15,2),(16,2),(17,2),(31,2),(43,2),(46,2),(52,2),(59,2),(60,2),(69,2),(71,2),(74,2),(75,2),(81,2),(91,2),(95,2),(7,3),(10,3),(11,3),(13,3),(15,3),(20,3),(23,3),(24,3),(25,3),(26,3),(27,3),(31,3),(36,3),(41,3),(43,3),(55,3),(59,3),(63,3),(65,3),(66,3),(72,3),(74,3),(78,3),(81,3),(88,3),(92,3),(100,3),(5,4),(8,4),(10,4),(11,4),(13,4),(15,4),(18,4),(21,4),(27,4),(33,4),(39,4),(43,4),(47,4),(55,4),(58,4),(61,4),(80,4),(95,4),(97,4),(99,4),(1,5),(3,5),(8,5),(20,5),(24,5),(26,5),(27,5),(28,5),(39,5),(43,5),(44,5),(46,5),(53,5),(58,5),(60,5),(64,5),(67,5),(76,5),(85,5),(87,5),(97,5),(2,6),(5,6),(6,6),(7,6),(15,6),(20,6),(22,6),(23,6),(33,6),(36,6),(41,6),(44,6),(53,6),(70,6),(71,6),(74,6),(76,6),(79,6),(83,6),(90,6),(96,6),(98,6),(1,7),(12,7),(14,7),(20,7),(23,7),(24,7),(25,7),(28,7),(30,7),(33,7),(41,7),(45,7),(53,7),(54,7),(55,7),(62,7),(64,7),(67,7),(79,7),(83,7),(90,7),(94,7),(95,7),(98,7),(3,8),(17,8),(22,8),(23,8),(25,8),(28,8),(33,8),(34,8),(39,8),(43,8),(45,8),(46,8),(53,8),(56,8),(64,8),(65,8),(69,8),(73,8),(75,8),(77,8),(87,8),(88,8),(98,8),(5,9),(12,9),(20,9),(25,9),(26,9),(31,9),(34,9),(47,9),(49,9),(50,9),(51,9),(60,9),(61,9),(63,9),(75,9),(76,9),(77,9),(83,9),(85,9),(87,9),(88,9),(95,9),(97,9),(99,9),(7,10),(10,10),(12,10),(17,10),(20,10),(26,10),(28,10),(34,10),(49,10),(53,10),(56,10),(70,10),(74,10),(79,10),(87,10),(93,10),(1,11),(14,11),(15,11),(16,11),(19,11),(24,11),(31,11),(33,11),(40,11),(44,11),(47,11),(62,11),(69,11),(75,11),(76,11),(78,11),(79,11),(83,11),(95,11),(99,11),(2,12),(11,12),(15,12),(21,12),(25,12),(28,12),(34,12),(36,12),(45,12),(49,12),(52,12),(60,12),(65,12),(66,12),(67,12),(69,12),(72,12),(76,12),(78,12),(80,12),(81,12),(88,12),(94,12),(1,13),(2,13),(3,13),(7,13),(15,13),(18,13),(25,13),(27,13),(30,13),(34,13),(36,13),(39,13),(43,13),(49,13),(54,13),(56,13),(70,13),(74,13),(76,13),(77,13),(81,13),(85,13),(93,13),(99,13),(6,14),(16,14),(18,14),(19,14),(30,14),(39,14),(40,14),(42,14),(49,14),(56,14),(57,14),(61,14),(64,14),(66,14),(73,14),(79,14),(82,14),(4,15),(7,15),(12,15),(21,15),(23,15),(24,15),(28,15),(34,15),(35,15),(36,15),(45,15),(46,15),(50,15),(54,15),(55,15),(59,15),(61,15),(64,15),(71,15),(88,15),(94,15),(99,15),(1,16),(3,16),(6,16),(17,16),(18,16),(25,16),(26,16),(36,16),(43,16),(46,16),(52,16),(54,16),(65,16),(78,16),(82,16),(86,16),(87,16),(89,16),(90,16),(91,16),(92,16),(93,16),(94,16),(99,16),(41,17),(42,17),(45,17),(56,17),(59,17),(61,17),(67,17),(69,17),(74,17),(78,17),(81,17),(84,17),(95,17),(97,17),(1,18),(4,18),(14,18),(18,18),(41,18),(43,18),(52,18),(54,18),(72,18),(75,18),(80,18),(86,18),(91,18),(92,18),(97,18),(1,19),(10,19),(12,19),(17,19),(23,19),(27,19),(36,19),(46,19),(51,19),(52,19),(55,19),(57,19),(72,19),(73,19),(78,19),(82,19),(86,19),(91,19),(94,19),(96,19),(99,19),(1,20),(7,20),(11,20),(19,20),(20,20),(21,20),(22,20),(23,20),(27,20),(30,20),(34,20),(56,20),(58,20),(59,20),(63,20),(66,20),(79,20),(90,20),(93,20),(98,20),(99,20);
UNLOCK TABLES;


LOCK TABLES `rec_label` WRITE;
INSERT INTO `rec_label` VALUES (1,1),(2,1),(6,1),(7,1),(9,1),(11,1),(13,1),(18,1),(7,2),(12,2),(13,2),(3,3),(7,3),(9,3),(14,3),(3,4),(6,4),(15,4),(4,5),(10,5),(14,5),(17,5),(4,6),(8,6),(13,6),(15,6),(19,6),(8,7),(10,7),(14,8),(18,8),(20,8),(7,10),(12,10),(3,11),(7,11),(16,11),(13,12),(14,12),(3,13),(4,13),(5,13),(6,13),(17,13),(18,13),(19,13),(13,14),(17,14),(18,14),(3,15),(14,15),(20,15),(1,16),(11,16),(15,16),(19,16),(20,16),(7,17),(8,17),(13,18),(19,18),(1,19),(2,19),(3,19),(5,19),(7,19),(8,19),(9,19),(13,19),(15,19),(9,20),(19,20),(9,21),(13,21),(12,22),(13,22),(3,23),(4,23),(10,23),(18,23),(2,24),(8,24),(15,24),(17,24),(17,25),(1,26),(2,26),(9,26),(17,26),(19,26),(5,27),(7,27),(14,27),(16,27),(18,27),(19,27),(6,28),(10,28),(2,30),(15,30),(7,31),(12,31),(20,31),(2,32),(4,32),(8,32),(9,32),(15,32),(5,33),(9,33),(16,33),(19,33),(7,34),(13,34),(14,34),(16,34),(3,35),(13,35),(2,36),(10,36),(14,36),(20,36),(1,39),(5,39),(8,39),(11,39),(18,39),(1,40),(4,40),(5,40),(8,40),(11,40),(14,40),(20,40),(1,41),(12,41),(15,41),(17,41),(20,41),(2,42),(13,42),(16,42),(6,43),(12,43),(18,43),(20,43),(4,44),(12,44),(15,44),(19,44),(1,45),(2,45),(4,45),(8,45),(9,45),(12,45),(17,45),(12,46),(4,47),(5,47),(15,47),(16,47),(17,47),(7,49),(11,49),(13,49),(2,50),(3,50),(16,50),(17,50),(19,50),(20,50),(1,51),(7,51),(9,51),(19,51),(3,52),(15,52),(17,52),(19,52),(8,53),(9,53),(15,53),(3,54),(9,54),(14,54),(20,54),(3,55),(4,56),(7,56),(16,56),(20,56),(6,57),(8,57),(12,57),(2,58),(8,58),(17,58),(2,59),(10,59),(5,60),(6,60),(7,60),(8,60),(9,60),(13,60),(4,62),(8,62),(10,62),(17,62),(2,63),(4,63),(6,63),(8,63),(16,63),(18,63),(1,64),(10,64),(14,64),(20,64),(3,65),(4,65),(7,65),(11,65),(12,65),(16,65),(2,66),(5,67),(13,67),(18,67),(5,69),(10,69),(11,69),(18,69),(5,70),(7,70),(8,70),(9,70),(11,70),(12,70),(13,70),(15,70),(2,71),(10,71),(20,71),(7,72),(15,72),(16,72),(17,72),(6,73),(7,73),(11,73),(20,73),(3,74),(19,74),(1,75),(15,75),(4,76),(5,76),(11,76),(12,76),(17,76),(18,76),(4,77),(6,77),(14,77),(3,78),(5,78),(8,78),(1,79),(8,79),(17,79),(20,79),(13,80),(18,80),(5,81),(8,81),(6,82),(7,82),(10,82),(13,82),(1,83),(8,84),(10,84),(15,84),(19,84),(1,85),(11,85),(14,85),(1,86),(15,86),(17,86),(19,86),(1,87),(5,87),(8,87),(16,87),(1,88),(7,88),(10,88),(15,89),(19,89),(6,90),(7,90),(10,90),(18,90),(4,92),(10,92),(18,92),(8,93),(12,94),(19,94),(10,95),(16,95),(3,96),(8,96),(14,96),(1,97),(6,98),(12,98),(17,98),(4,99),(12,99),(14,99),(19,99),(1,100),(7,100),(18,100);
UNLOCK TABLES;

LOCK TABLES `rec_type` WRITE;
INSERT INTO `rec_type` VALUES (1,1),(2,1),(11,1),(15,1),(18,1),(19,1),(21,1),(49,1),(50,1),(53,1),(57,1),(60,1),(63,1),(66,1),(69,1),(73,1),(78,1),(80,1),(83,1),(87,1),(90,1),(96,1),(4,2),(5,2),(6,2),(13,2),(15,2),(16,2),(17,2),(23,2),(28,2),(44,2),(45,2),(51,2),(52,2),(55,2),(58,2),(59,2),(62,2),(64,2),(66,2),(67,2),(71,2),(82,2),(83,2),(87,2),(88,2),(91,2),(100,2),(6,3),(10,3),(26,3),(31,3),(33,3),(39,3),(42,3),(45,3),(57,3),(73,3),(75,3),(76,3),(82,3),(83,3),(85,3),(86,3),(92,3),(93,3),(95,3),(5,4),(6,4),(8,4),(12,4),(17,4),(19,4),(21,4),(22,4),(24,4),(31,4),(32,4),(39,4),(43,4),(49,4),(52,4),(56,4),(58,4),(61,4),(62,4),(65,4),(70,4),(85,4),(87,4),(92,4),(94,4),(1,5),(2,5),(4,5),(20,5),(22,5),(30,5),(33,5),(40,5),(47,5),(58,5),(59,5),(61,5),(67,5),(71,5),(74,5),(79,5),(90,5),(93,5),(94,5),(95,5),(97,5),(98,5),(3,6),(4,6),(5,6),(13,6),(20,6),(23,6),(25,6),(27,6),(39,6),(41,6),(43,6),(44,6),(53,6),(55,6),(56,6),(60,6),(62,6),(65,6),(66,6),(71,6),(74,6),(77,6),(80,6),(87,6),(89,6),(93,6),(97,6),(2,7),(5,7),(6,7),(10,7),(12,7),(14,7),(18,7),(20,7),(27,7),(31,7),(32,7),(35,7),(43,7),(55,7),(56,7),(66,7),(67,7),(70,7),(73,7),(75,7),(76,7),(90,7),(96,7),(97,7),(11,8),(13,8),(18,8),(19,8),(22,8),(24,8),(26,8),(28,8),(32,8),(36,8),(42,8),(45,8),(51,8),(62,8),(72,8),(78,8),(81,8),(82,8),(88,8),(90,8),(92,8),(96,8),(97,8),(12,9),(13,9),(30,9),(32,9),(33,9),(39,9),(46,9),(49,9),(50,9),(53,9),(54,9),(60,9),(63,9),(66,9),(67,9),(69,9),(70,9),(78,9),(80,9),(81,9),(84,9),(91,9),(93,9),(94,9),(100,9),(1,10),(8,10),(10,10),(14,10),(17,10),(22,10),(28,10),(34,10),(40,10),(42,10),(44,10),(45,10),(59,10),(62,10),(64,10),(66,10),(72,10),(73,10),(76,10),(78,10),(82,10),(86,10),(90,10),(91,10),(93,10),(95,10),(99,10);
UNLOCK TABLES;

LOCK TABLES `steps` WRITE;
INSERT INTO `steps` VALUES (1,1,'Shred the pork.'),(1,2,'Stuff the tomatoes with rice.'),(1,3,'Peel and chop the garlic.'),(1,4,'Beat the egg whites until stiff.'),(1,5,'Poach the eggs in simmering water.'),(2,1,'Grill the corn on the cob.'),(2,2,'Whisk the sauce until smooth.'),(2,3,'Simmer the broth for 2 hours.'),(2,4,'Whisk the roux into the sauce.'),(2,5,'Cook the gnocchi until they float.'),(2,6,'Peel and chop the carrots.'),(3,1,'Whisk the eggs until frothy.'),(3,2,'Blend the soup until smooth.'),(3,3,'Stuff the tomatoes with rice.'),(3,4,'Shred the cooked chicken.'),(4,1,'Roast the turkey in the oven.'),(4,2,'Boil the sweet potatoes.'),(4,3,'Grill the chicken breasts until done.'),(4,4,'Cook the gnocchi until they float.'),(5,1,'Blend the smoothie until creamy.'),(5,2,'Peel and chop the garlic.'),(5,3,'Simmer the chicken broth.'),(5,4,'Grill the chicken skewers until cooked through.'),(6,1,'Boil the pasta until al dente.'),(6,2,'Whisk the egg yolks and sugar.'),(6,3,'Simmer the stew until tender.'),(7,1,'Simmer the lentils.'),(7,2,'Peel and chop the potatoes.'),(7,3,'Saut the mushrooms with butter.'),(8,1,'Mix the ingredients for the marinade.'),(8,2,'Toast the bread in a toaster.'),(8,3,'Blend the pesto sauce.'),(10,1,'Pipe the frosting onto the cake.'),(10,2,'Toast the sesame seeds.'),(10,3,'Steam the spinach.'),(10,4,'Grill the shrimp until done.'),(10,5,'Blend the ingredients for the dressing.'),(11,1,'Blend the ingredients for the marinade.'),(11,2,'Mix the cookie dough.'),(11,3,'Grill the portobello mushrooms.'),(11,4,'Zest the lemon.'),(11,5,'Roast the pork tenderloin.'),(11,6,'Simmer the jam until thickened.'),(12,1,'Braise the lamb shanks.'),(12,2,'Grill the corn on the cob.'),(12,3,'Grill the lamb chops.'),(12,4,'Boil the quinoa.'),(13,1,'Mix the glaze for the ham.'),(13,2,'Blend the guacamole.'),(13,3,'Puree the cauliflower.'),(13,4,'Melt the butter in a saucepan.'),(13,5,'Mix the barbecue sauce.'),(14,1,'Saut the mushrooms until browned.'),(14,2,'Rehydrate the dried mushrooms.'),(14,3,'Roast the vegetables in the oven.'),(14,4,'Boil the quinoa.'),(14,5,'Grate the carrots.'),(15,1,'Blend the chimichurri sauce.'),(15,2,'Peel and chop the potatoes.'),(15,3,'Whisk the dressing until emulsified.'),(15,4,'Simmer the jam until thickened.'),(16,1,'Braise the beef in red wine.'),(16,2,'Blend the ingredients for the smoothie.'),(16,3,'Toast the walnuts.'),(16,4,'Blend the soup until smooth.'),(16,5,'Whisk the egg and milk mixture.'),(16,6,'Grill the pineapple until caramelized.'),(17,1,'Mix the batter thoroughly.'),(17,2,'Stir in the chocolate chips.'),(17,3,'Blend the ingredients for the dip.'),(17,4,'Skewer the meat and vegetables.'),(17,5,'Mix the ingredients for the marinade.'),(17,6,'Mix the cookie ingredients.'),(18,1,'Peel and cube the squash.'),(18,2,'Baste the roast with pan juices.'),(18,3,'Grate the cheese for tacos.'),(18,4,'Roll the sushi tightly.'),(18,5,'Mix the muffin ingredients.'),(18,6,'Mix the pancake ingredients.'),(18,7,'Blend the soup base.'),(18,8,'Toast the spices.'),(18,9,'Grill the shrimp until done.'),(18,10,'Saut the shrimp with garlic.'),(19,1,'Sprinkle the cookies with sea salt.'),(19,2,'Stuff the peppers with cheese.'),(19,3,'Blend the ingredients for the sauce.'),(19,4,'Glaze the ham with honey.'),(19,5,'Stir in the herbs.'),(19,6,'Proof the yeast in warm water.'),(19,7,'Grate the beets.'),(19,8,'Peel and cube the potatoes.'),(19,9,'Rehydrate the dried mushrooms.'),(20,1,'Whisk the sauce ingredients together.'),(20,2,'Stuff the mushrooms with cheese.'),(20,3,'Line the baking sheet with parchment paper.'),(20,4,'Blend the soup until creamy.'),(20,5,'Layer the tiramisu with mascarpone and coffee-soaked ladyfingers.'),(20,6,'Sear the steak on high heat.'),(20,7,'Score the bread dough before baking.'),(20,8,'Mix the ingredients for the pancake batter.'),(21,1,'Chill the pudding.'),(21,2,'Grate the zucchini.'),(21,3,'Blend the pesto sauce.'),(21,4,'Peel and chop the ginger.'),(21,5,'Mix the ingredients for the marinade.'),(21,6,'Saut the garlic until fragrant.'),(21,7,'Roast the eggplant.'),(21,8,'Simmer the sauce on low heat.'),(21,9,'Grill the chicken until fully cooked.'),(21,10,'Peel and chop the onions.'),(22,1,'Roast the vegetables until tender.'),(22,2,'Blend the cocktail.'),(22,3,'Blend the soup until creamy.'),(22,4,'Grill the zucchini.'),(22,5,'Fry the chicken until golden brown.'),(22,6,'Beat the egg whites until stiff.'),(22,7,'Grill the vegetables until charred.'),(22,8,'Peel and chop the onions.'),(23,1,'Boil the sweet potatoes.'),(23,2,'Mix the sauce ingredients.'),(23,3,'Roast the beef in the oven.'),(23,4,'Slice the bell peppers.'),(23,5,'Puree the sauce.'),(23,6,'Fry the fish until golden.'),(23,7,'Roll the meatballs by hand.'),(23,8,'Shape the cookies with a cookie cutter.'),(23,9,'Puree the soup with an immersion blender.'),(23,10,'Whisk the dressing until emulsified.'),(24,1,'Grill the chicken thighs.'),(24,2,'Stir in the chocolate chips.'),(24,3,'Mix the batter until smooth.'),(24,4,'Layer the trifle with cake, fruit, and cream.'),(24,5,'Stuff the peppers with cheese.'),(25,1,'Cook the couscous.'),(25,2,'Drizzle the salad with vinaigrette.'),(25,3,'Peel and chop the potatoes.'),(25,4,'Fry the dumplings.'),(26,1,'Whisk the eggs and sugar.'),(26,2,'Butter the toast.'),(26,3,'Simmer the sauce on low heat.'),(26,4,'Sear the steak on high heat.'),(26,5,'Melt the butter in a saucepan.'),(26,6,'Toss the salad with dressing.'),(26,7,'Whisk the dressing ingredients together.'),(26,8,'Chill the pudding.'),(27,1,'Steam the asparagus until tender.'),(27,2,'Grate the nutmeg.'),(27,3,'Fry the dumplings.'),(27,4,'Simmer the curry until the flavors meld.'),(27,5,'Blend the salsa until smooth.'),(28,1,'Saut the spinach with garlic.'),(28,2,'Mix the ingredients for the muffin batter.'),(28,3,'Roast the carrots.'),(28,4,'Toast the coconut flakes.'),(28,5,'Mix the muffin batter.'),(28,6,'Saut the onions and garlic.'),(28,7,'Peel the shrimp.'),(30,1,'Simmer the stew until flavors meld.'),(30,2,'Grill the pineapple until caramelized.'),(30,3,'Blend the spices until finely ground.'),(30,4,'Peel and chop the garlic.'),(30,5,'Wash the vegetables thoroughly.'),(30,6,'Cook the bacon until crispy.'),(30,7,'Blend the soup until smooth.'),(30,8,'Blend the soup until smooth.'),(30,9,'Grill the sausages.'),(30,10,'Stir the curry occasionally.'),(31,1,'Toast the spices.'),(31,2,'Saut the spinach until wilted.'),(31,3,'Grate the Parmesan cheese.'),(31,4,'Grill the chicken until fully cooked.'),(31,5,'Blend the ingredients for the pesto.'),(31,6,'Marinate the chicken overnight.'),(31,7,'Grill the sausages.'),(31,8,'Blitz the herbs and oil.'),(31,9,'Grate the carrots.'),(31,10,'Shred the pork.'),(32,1,'Fry the falafel.'),(32,2,'Blend the dip until smooth.'),(32,3,'Puree the cauliflower.'),(32,4,'Blend the soup until creamy.'),(32,5,'Serve the dish with a side of rice.'),(32,6,'Blend the ingredients for the dressing.'),(32,7,'Boil the macaroni.'),(32,8,'Blend the smoothie bowl.'),(33,1,'Brown the ground beef.'),(33,2,'Blend the guacamole.'),(33,3,'Saute the onions until translucent.'),(33,4,'Toss the salad with dressing.'),(33,5,'Bake the muffins until a toothpick comes out clean.'),(33,6,'Boil the quinoa.'),(33,7,'Line the baking sheet with parchment paper.'),(33,8,'Grate the beets.'),(33,9,'Steam the asparagus until tender.'),(33,10,'Roast the beef in the oven.'),(34,1,'Blend the ingredients for the smoothie.'),(34,2,'Simmer the meatballs.'),(34,3,'Grill the chicken until fully cooked.'),(34,4,'Marinate the tofu for extra flavor.'),(34,5,'Saut the shrimp until pink.'),(34,6,'Grill the chicken breasts until done.'),(35,1,'Peel and chop the garlic.'),(35,2,'Toast the bread in a toaster.'),(35,3,'Stuff the peppers with rice and meat.'),(35,4,'Saut the onions and peppers.'),(35,5,'Whip the butter and sugar until light and fluffy.'),(35,6,'Grill the corn on the cob.'),(35,7,'Mix the muffin batter.'),(36,1,'Sprinkle the cookies with sea salt.'),(36,2,'Wash the vegetables thoroughly.'),(36,3,'Grate the cheese.'),(36,4,'Toast the walnuts.'),(39,1,'Freeze the ice cream mixture.'),(39,2,'Grate the cheese.'),(39,3,'Boil the lobster tails.'),(39,4,'Cool the cake on a wire rack.'),(39,5,'Boil the potatoes until tender.'),(39,6,'Saut the spinach until wilted.'),(39,7,'Stuff the peppers with rice and meat.'),(39,8,'Boil the pasta until al dente.'),(40,1,'Mix the dressing ingredients.'),(40,2,'Marinate the beef for 30 minutes.'),(40,3,'Mix the marinade ingredients.'),(40,4,'Blend the smoothie ingredients until smooth.'),(40,5,'Toast the walnuts.'),(40,6,'Peel the shrimp and devein.'),(41,1,'Mix the dry ingredients in a bowl.'),(41,2,'Mix the ingredients for the marinade.'),(41,3,'Shred the cabbage for coleslaw.'),(41,4,'Roll out the dough on a floured surface.'),(41,5,'Sear the pork chops.'),(41,6,'Grill the shrimp skewers.'),(41,7,'Grate the Parmesan cheese.'),(41,8,'Whisk the eggs and sugar.'),(41,9,'Peel and chop the tomatoes.'),(41,10,'Grill the chicken thighs.'),(42,1,'Boil the lobster tails.'),(42,2,'Fry the eggs sunny-side up.'),(42,3,'Chop the fresh herbs.'),(42,4,'Mix the ingredients for the salsa.'),(42,5,'Whisk the yogurt and herbs.'),(42,6,'Boil the rice in salted water.'),(43,1,'Grill the vegetables on a barbecue.'),(43,2,'Fry the bacon until crispy.'),(43,3,'Simmer the broth until reduced.'),(43,4,'Saut the shrimp with garlic.'),(43,5,'Blend the dressing.'),(43,6,'Chill the dough in the refrigerator.'),(43,7,'Steam the spinach.'),(44,1,'Stir in the chocolate chips.'),(44,2,'Puree the tomatoes.'),(44,3,'Whisk the eggs and milk together.'),(44,4,'Blend the ingredients for salsa.'),(44,5,'Saut the bacon until crispy.'),(45,1,'Simmer the sauce on low heat.'),(45,2,'Fry the eggs sunny-side up.'),(45,3,'Mix the cookie dough.'),(45,4,'Drizzle the dressing over the salad.'),(45,5,'Fry the bacon until crispy.'),(45,6,'Stir the soup occasionally.'),(46,1,'Grill the chicken until fully cooked.'),(46,2,'Cook the noodles until al dente.'),(46,3,'Peel and chop the onions.'),(46,4,'Fry the fish until golden.'),(46,5,'Mince the garlic.'),(46,6,'Grill the steak until desired doneness.'),(46,7,'Grill the chicken breasts until done.'),(47,1,'Whisk the egg and milk mixture.'),(47,2,'Blend the batter until smooth.'),(47,3,'Peel and cube the potatoes.'),(47,4,'Simmer the soup until flavors meld.'),(49,1,'Mix the pancake batter.'),(49,2,'Peel and chop the carrots.'),(49,3,'Saut the shrimp with garlic.'),(49,4,'Toast the bread in a toaster.'),(49,5,'Marinate the beef for 30 minutes.'),(49,6,'Peel and chop the onions.'),(49,7,'Mix the waffle batter.'),(49,8,'Peel and cube the potatoes.'),(49,9,'Strain the broth.'),(49,10,'Sprinkle the steak with salt.'),(50,1,'Whisk the sauce ingredients.'),(50,2,'Garnish the dish with lemon wedges.'),(50,3,'Grill the chicken until fully cooked.'),(50,4,'Pack the lunchbox with healthy snacks.'),(51,1,'Grill the steak to desired doneness.'),(51,2,'Grill the chicken wings until crispy.'),(51,3,'Blend the soup until smooth.'),(51,4,'Whisk the eggs until frothy.'),(51,5,'Simmer the beans.'),(51,6,'Grate the carrots.'),(51,7,'Grate the cheese.'),(51,8,'Dice the tomatoes.'),(51,9,'Cook the pasta according to package instructions.'),(52,1,'Stir-fry the vegetables quickly.'),(52,2,'Grate the beets.'),(52,3,'Peel and chop the mango.'),(52,4,'Beat the butter and sugar until creamy.'),(53,1,'Simmer the stew until flavors meld.'),(53,2,'Blend the tomato sauce.'),(53,3,'Whisk the eggs until frothy.'),(54,1,'Brown the ground beef.'),(54,2,'Mix the ingredients for the marinade.'),(54,3,'Grill the chicken skewers until cooked through.'),(54,4,'Stuff the mushrooms with cheese.'),(54,5,'Chill the pie crust.'),(55,1,'Grill the steak until desired doneness.'),(55,2,'Combine the wet ingredients separately.'),(55,3,'Whisk the sauce until thickened.'),(55,4,'Whip the butter and sugar until light and fluffy.'),(55,5,'Temper the chocolate.'),(55,6,'Shred the cabbage for coleslaw.'),(56,1,'Blend the salsa.'),(56,2,'Grill the chicken breasts.'),(56,3,'Whisk the eggs until fluffy.'),(56,4,'Brush the bread with melted butter.'),(56,5,'Toast the coconut flakes.'),(56,6,'Grill the portobello mushrooms.'),(56,7,'Blend the batter until smooth.'),(57,1,'Marinate the beef for 30 minutes.'),(57,2,'Saute the onions until translucent.'),(57,3,'Marinate the chicken overnight.'),(57,4,'Whisk the eggs until combined.'),(57,5,'Whisk the eggs and milk together.'),(58,1,'Peel and chop the mango.'),(58,2,'Peel and chop the potatoes.'),(58,3,'Grill the vegetables until tender.'),(59,1,'Roast the beef in the oven.'),(59,2,'Simmer the stock.'),(59,3,'Saut the onions until caramelized.'),(59,4,'Mix the muffin ingredients.'),(59,5,'Shred the cooked chicken.'),(59,6,'Mix the cookie ingredients.'),(59,7,'Grill the sausages.'),(59,8,'Layer the trifle with cake, fruit, and cream.'),(59,9,'Toast the nuts in a dry pan.'),(59,10,'Simmer the stew until flavors meld.'),(60,1,'Dice the cooked ham.'),(60,2,'Flambe the dish with brandy.'),(60,3,'Saut the garlic in olive oil.'),(60,4,'Whisk the yogurt and herbs.'),(60,5,'Grill the pineapple until caramelized.'),(60,6,'Mix the marinade for the steak.'),(60,7,'Peel and chop the tomatoes.'),(60,8,'Blend the batter until smooth.'),(60,9,'Simmer the stew until flavors meld.'),(60,10,'Blend the tomato sauce.'),(61,1,'Strain the pasta.'),(61,2,'Fold in the berries.'),(61,3,'Mix the cake batter.'),(61,4,'Cook the rice until fluffy.'),(61,5,'Mix the muffin batter.'),(62,1,'Blanch the green beans.'),(62,2,'Poach the eggs in simmering water.'),(62,3,'Blend the avocado until creamy.'),(62,4,'Roast the garlic until soft.'),(62,5,'Cook the rice until fluffy.'),(63,1,'Cool the cake on a wire rack.'),(63,2,'Grill the portobello mushrooms.'),(63,3,'Saut the shrimp with garlic.'),(63,4,'Grate the carrots.'),(63,5,'Grill the steak to desired doneness.'),(63,6,'Bloom the gelatin in cold water.'),(63,7,'Bake the bread until golden brown.'),(64,1,'Saut the chicken until browned.'),(64,2,'Simmer the curry until the flavors meld.'),(64,3,'Stir in the chocolate chips.'),(64,4,'Roast the garlic until soft.'),(65,1,'Roll the meat in breadcrumbs.'),(65,2,'Cook the barley until tender.'),(65,3,'Cool the cake on a wire rack.'),(65,4,'Layer the ingredients in a slow cooker.'),(66,1,'Flatten the dough with a rolling pin.'),(66,2,'Beat the cream cheese until smooth.'),(66,3,'Mince the garlic.'),(66,4,'Grill the vegetables until tender.'),(66,5,'Puree the cauliflower.'),(66,6,'Roast the vegetables until tender.'),(66,7,'Baste the turkey every 30 minutes.'),(66,8,'Cook the couscous.'),(66,9,'Chill the salad before serving.'),(67,1,'Blend the ingredients for the dressing.'),(67,2,'Mix the spices into the marinade.'),(67,3,'Macerate the berries with sugar.'),(69,1,'Grill the vegetables until tender.'),(69,2,'Blitz the ingredients in a food processor.'),(69,3,'Toast the sesame seeds.'),(69,4,'Peel and chop the onions.'),(70,1,'Grill the steak to desired doneness.'),(70,2,'Whip the butter and sugar until light and fluffy.'),(70,3,'Caramelize the onions slowly.'),(70,4,'Grill the chicken breasts until done.'),(70,5,'Chop the onions finely.'),(70,6,'Blend the avocado until creamy.'),(70,7,'Score the bread dough before baking.'),(70,8,'Score the bread dough before baking.'),(70,9,'Roast the beef in the oven.'),(70,10,'Blend the batter until smooth.'),(71,1,'Blend the ingredients for the dressing.'),(71,2,'Cure the salmon with salt and sugar.'),(71,3,'Mix the waffle batter.'),(72,1,'Blend the tahini sauce.'),(72,2,'Juice the orange.'),(72,3,'Roast the garlic until soft.'),(72,4,'Roast the garlic until soft.'),(72,5,'Slice the cucumbers thinly.'),(72,6,'Stir-fry the vegetables quickly.'),(72,7,'Blitz the chickpeas into hummus.'),(73,1,'Boil the sweet potatoes.'),(73,2,'Grill the vegetables on a barbecue.'),(73,3,'Grill the chicken skewers until cooked through.'),(74,1,'Grill the steak until medium rare.'),(74,2,'Cook the gnocchi until they float.'),(74,3,'Stuff the peppers with rice and meat.'),(74,4,'Mix the cheese and herbs.'),(74,5,'Peel and cube the potatoes.'),(74,6,'Saut the apples with cinnamon.'),(74,7,'Stir-fry the vegetables quickly.'),(74,8,'Chill the dough before baking.'),(75,1,'Baste the meatloaf with ketchup.'),(75,2,'Saut the shrimp until pink.'),(75,3,'Cook the polenta until creamy.'),(76,1,'Simmer the curry until thickened.'),(76,2,'Boil the eggs until hard-boiled.'),(76,3,'Blend the tomato sauce.'),(76,4,'Blend the ingredients for the smoothie.'),(76,5,'Wash the vegetables thoroughly.'),(76,6,'Boil the quinoa.'),(76,7,'Layer the lasagna sheets.'),(76,8,'Boil the lobster.'),(77,1,'Blend the avocado until creamy.'),(77,2,'Simmer the curry until the flavors meld.'),(77,3,'Grill the pork chops.'),(77,4,'Saut the shrimp until pink.'),(77,5,'Blend the ingredients for the dip.'),(77,6,'Baste the meatloaf with ketchup.'),(77,7,'Peel and chop the garlic.'),(77,8,'Whisk the eggs and milk together.'),(78,1,'Steep the tea for 5 minutes.'),(78,2,'Blend the avocado until creamy.'),(78,3,'Braise the beef in red wine.'),(78,4,'Fold the dry ingredients into the wet mixture.'),(78,5,'Whisk the roux into the sauce.'),(78,6,'Slice the cucumbers thinly.'),(79,1,'Peel and chop the apples.'),(79,2,'Garnish the dish with lemon wedges.'),(79,3,'Blend the soup ingredients.'),(79,4,'Saut the shrimp with garlic.'),(79,5,'Sprinkle the dish with fresh herbs.'),(79,6,'Juice the orange.'),(80,1,'Fry the chicken until golden brown.'),(80,2,'Blend the ingredients for the sauce.'),(80,3,'Blend the green smoothie.'),(80,4,'Mix the ingredients for the burger patties.'),(80,5,'Frost the cupcakes.'),(80,6,'Fry the chicken until golden brown.'),(81,1,'Garnish the dish with lemon wedges.'),(81,2,'Simmer the lentil stew.'),(81,3,'Whisk the sauce ingredients.'),(81,4,'Bloom the gelatin in cold water.'),(81,5,'Make a roux with butter and flour.'),(81,6,'Cook the barley until tender.'),(82,1,'Simmer the jam until thickened.'),(82,2,'Sear the steak on high heat.'),(82,3,'Mix the batter thoroughly.'),(82,4,'Blend the ingredients for the dressing.'),(82,5,'Grill the chicken breasts until done.'),(82,6,'Blend the tomato sauce.'),(82,7,'Beat the butter and sugar until creamy.'),(82,8,'Cook the couscous.'),(83,1,'Fill the tacos with meat and vegetables.'),(83,2,'Cool the cake on a wire rack.'),(83,3,'Grill the chicken breasts until done.'),(84,1,'Grate the Parmesan cheese.'),(84,2,'Steam the clams.'),(84,3,'Mash the boiled potatoes.'),(84,4,'Roll the meatballs by hand.'),(84,5,'Poach the eggs in simmering water.'),(84,6,'Brew the coffee.'),(84,7,'Blend the tahini sauce.'),(84,8,'Whisk the roux into the sauce.'),(84,9,'Toast the walnuts.'),(85,1,'Puree the tomatoes.'),(85,2,'Fold the dry ingredients into the wet mixture.'),(85,3,'Baste the turkey every 30 minutes.'),(85,4,'Blend the spices until finely ground.'),(85,5,'Peel and chop the ginger.'),(85,6,'Chill the dough before baking.'),(85,7,'Boil the lobster tails.'),(85,8,'Saut the spinach until wilted.'),(85,9,'Fry the bacon until crispy.'),(85,10,'Roast the vegetables until tender.'),(86,1,'Saut the shrimp with garlic.'),(86,2,'Brown the ground beef.'),(86,3,'Peel and chop the garlic.'),(86,4,'Baste the meatloaf with ketchup.'),(86,5,'Skewer the meat and vegetables.'),(87,1,'Layer the ingredients in a slow cooker.'),(87,2,'Peel and chop the ginger.'),(87,3,'Blend the ingredients for the pesto.'),(87,4,'Simmer the beans until tender.'),(87,5,'Blend the avocado until creamy.'),(87,6,'Grill the peaches.'),(87,7,'Whisk the yogurt and herbs.'),(87,8,'Whisk the egg and milk mixture.'),(87,9,'Shred the cabbage for coleslaw.'),(87,10,'Grill the corn on the cob.'),(88,1,'Chill the cheesecake.'),(88,2,'Steep the tea for 5 minutes.'),(88,3,'Chop the onions finely.'),(88,4,'Saut the garlic in olive oil.'),(88,5,'Steam the spinach.'),(88,6,'Boil the sweet potatoes.'),(88,7,'Stir in the herbs.'),(88,8,'Mix the salad ingredients.'),(89,1,'Chop the onions finely.'),(89,2,'Preheat the oven to 350F (175C).'),(89,3,'Garnish the dish with parsley.'),(90,1,'Stuff the mushrooms with cheese.'),(90,2,'Simmer the curry until the flavors meld.'),(90,3,'Steam the clams.'),(90,4,'Bloom the gelatin in cold water.'),(90,5,'Simmer the stew until flavors meld.'),(90,6,'Flip the pancakes when bubbles form.'),(90,7,'Grate the Parmesan cheese.'),(90,8,'Chop the fresh herbs.'),(90,9,'Strain the pasta.'),(91,1,'Simmer the beans.'),(91,2,'Steam the broccoli until tender.'),(91,3,'Blitz the herbs and oil.'),(91,4,'Peel and chop the mango.'),(91,5,'Boil the pasta until al dente.'),(91,6,'Grill the pineapple slices.'),(91,7,'Fry the fish until golden.'),(92,1,'Mix the batter thoroughly.'),(92,2,'Mix the ingredients for the muffin batter.'),(92,3,'Whisk the egg and milk mixture.'),(92,4,'Whisk the pancake batter.'),(92,5,'Peel and slice the cucumbers.'),(92,6,'Stuff the peppers with rice and meat.'),(92,7,'Peel and chop the onions.'),(92,8,'Skewer the meat and vegetables.'),(93,1,'Chill the lemonade.'),(93,2,'Braise the beef in red wine.'),(93,3,'Simmer the lentil stew.'),(93,4,'Blend the cocktail.'),(94,1,'Simmer the stock.'),(94,2,'Roast the sweet potatoes.'),(94,3,'Grill the corn.'),(94,4,'Saut the chicken until browned.'),(94,5,'Blend the soup until smooth.'),(94,6,'Simmer the lentils.'),(94,7,'Roll the sushi tightly.'),(94,8,'Mix the cookie dough.'),(94,9,'Strain the broth.'),(94,10,'Chill the lemonade.'),(95,1,'Peel and slice the apples.'),(95,2,'Grate the cheese.'),(95,3,'Fry the bacon until crispy.'),(95,4,'Steam the asparagus until tender.'),(95,5,'Boil the pasta until al dente.'),(95,6,'Blend the ingredients for the pesto.'),(95,7,'Marinate the chicken overnight.'),(96,1,'Grate the cheese.'),(96,2,'Sprinkle the dish with fresh herbs.'),(96,3,'Steam the asparagus until tender.'),(96,4,'Cook the stew on low heat.'),(96,5,'Drizzle the sauce over the chicken.'),(97,1,'Blend the gazpacho.'),(97,2,'Blend the soup until creamy.'),(97,3,'Saut the garlic in olive oil.'),(97,4,'Grill the chicken thighs.'),(97,5,'Grill the corn.'),(97,6,'Cure the salmon with salt and sugar.'),(97,7,'Toast the sesame seeds.'),(97,8,'Chill the soup before serving.'),(97,9,'Simmer the stew until thickened.'),(97,10,'Mix the cornmeal and water.'),(98,1,'Toast the nuts in a dry pan.'),(98,2,'Mash the boiled potatoes.'),(98,3,'Mix the marinade for the steak.'),(98,4,'Mix the pancake batter.'),(98,5,'Butter the toast.'),(98,6,'Toast the coconut flakes.'),(98,7,'Boil the potatoes until tender.'),(98,8,'Braise the short ribs.'),(99,1,'Toast the bagel.'),(99,2,'Strain the broth.'),(99,3,'Blend the ingredients for the dressing.'),(99,4,'Simmer the beans.'),(99,5,'Blend the salsa ingredients.'),(100,1,'Simmer the sauce until thick.'),(100,2,'Peel and slice the cucumbers.'),(100,3,'Toast the bread in a toaster.');
UNLOCK TABLES;

call set_all_winners();

insert into  food_groups values (NUll, 'Seafood', 'Description for seafoods', 'a.avi', 'hmmm');
